-- --------------------------------------------------------
-- Хост:                         192.168.56.56
-- Версия сервера:               8.0.30-0ubuntu0.20.04.2 - (Ubuntu)
-- Операционная система:         Linux
-- HeidiSQL Версия:              12.4.0.6659
-- --------------------------------------------------------

/*!40101 SET @OLD_CHARACTER_SET_CLIENT=@@CHARACTER_SET_CLIENT */;
/*!40101 SET NAMES utf8 */;
/*!50503 SET NAMES utf8mb4 */;
/*!40103 SET @OLD_TIME_ZONE=@@TIME_ZONE */;
/*!40103 SET TIME_ZONE='+00:00' */;
/*!40014 SET @OLD_FOREIGN_KEY_CHECKS=@@FOREIGN_KEY_CHECKS, FOREIGN_KEY_CHECKS=0 */;
/*!40101 SET @OLD_SQL_MODE=@@SQL_MODE, SQL_MODE='NO_AUTO_VALUE_ON_ZERO' */;
/*!40111 SET @OLD_SQL_NOTES=@@SQL_NOTES, SQL_NOTES=0 */;


-- Дамп структуры базы данных homestead
CREATE DATABASE IF NOT EXISTS `homestead` /*!40100 DEFAULT CHARACTER SET utf8mb4 COLLATE utf8mb4_bin */ /*!80016 DEFAULT ENCRYPTION='N' */;
USE `homestead`;

-- Дамп данных таблицы homestead.admins: ~1 rows (приблизительно)
INSERT INTO `admins` (`id`, `name`, `email`, `password`, `remember_token`, `created_at`, `updated_at`) VALUES
	(1, 'BookWorm', 'admin@bookstore.com', '$2y$10$3sIu9Uv.5X3qqLZb5mPgUuCgAQ5W5aBd5P6Zofg0e09.yVBqiM0CO', NULL, '2023-03-18 12:46:13', '2023-03-18 12:46:13');

-- Дамп данных таблицы homestead.authors: ~0 rows (приблизительно)

-- Дамп данных таблицы homestead.author_book: ~0 rows (приблизительно)

-- Дамп данных таблицы homestead.books: ~15 rows (приблизительно)
INSERT INTO `books` (`id`, `title`, `image`, `price`, `discount`, `in_stock`, `description`, `information`, `created_at`, `updated_at`) VALUES
	(1, 'The Hare With Amber Eyes', '1.png', 50.00, 30, 1, '', '', '2023-04-21 23:09:42', '2023-04-21 23:09:42'),
	(2, 'The war of ', '2.png', 60.00, NULL, 1, '', '', '2023-04-21 23:09:42', '2023-04-21 23:09:42'),
	(3, 'The Hare With Amber Eyes', '3.png', 25.00, 30, 1, '', '', '2023-04-21 23:09:42', '2023-04-21 23:09:42'),
	(4, 'The Immortals of Meluha', '4.png', 80.00, NULL, 1, '', '', '2023-04-21 23:09:42', '2023-04-21 23:09:42'),
	(5, 'Life Is What You Make It', '5.png', 200.00, NULL, 1, '', '', '2023-04-21 23:09:42', '2023-04-21 23:09:42'),
	(6, 'The Hare With Amber Eyes', '6.png', 200.00, NULL, 1, '', '', '2023-04-21 23:09:42', '2023-04-21 23:09:42'),
	(7, 'The war of', '7.png', 150.00, NULL, 1, '', '', '2023-04-21 23:09:42', '2023-04-21 23:09:42'),
	(8, 'The Hare With Amber Eyes', '8.png', 100.00, 30, 1, '', '', '2023-04-21 23:09:42', '2023-04-21 23:09:42'),
	(9, 'The Immortals of Meluha', '9.png', 152.00, NULL, 1, '', '', '2023-04-21 23:09:42', '2023-04-21 23:09:42'),
	(10, 'Life Is What You Make It', '10.png', 200.00, NULL, 1, '', '', '2023-04-21 23:09:42', '2023-04-21 23:09:42'),
	(11, 'The Hare With Amber Eyes', '11.png', 220.00, NULL, 1, '', '', '2023-04-21 23:09:42', '2023-04-21 23:09:42'),
	(12, 'The war of ', '12.png', 10.00, NULL, 1, '', '', '2023-04-21 23:09:42', '2023-04-21 23:09:42'),
	(13, 'The Hare With Amber Eyes', '13.png', 22.00, NULL, 1, '', '', '2023-04-21 23:09:42', '2023-04-21 23:09:42'),
	(14, 'The Immortals of Meluha', '14.png', 300.00, 30, 1, '', '', '2023-04-21 23:09:42', '2023-04-21 23:09:42'),
	(15, 'Life Is What You Make It', '15.png', 205.00, NULL, 1, '', '', '2023-04-21 23:09:42', '2023-04-21 23:09:42');

-- Дамп данных таблицы homestead.book_category: ~15 rows (приблизительно)
INSERT INTO `book_category` (`id`, `book_id`, `category_id`, `created_at`, `updated_at`) VALUES
	(1, 1, 10, '2023-04-21 23:09:42', '2023-04-21 23:09:42'),
	(2, 2, 10, '2023-04-21 23:09:42', '2023-04-21 23:09:42'),
	(3, 3, 10, '2023-04-21 23:09:42', '2023-04-21 23:09:42'),
	(4, 4, 10, '2023-04-21 23:09:42', '2023-04-21 23:09:42'),
	(5, 5, 10, '2023-04-21 23:09:42', '2023-04-21 23:09:42'),
	(6, 6, 10, '2023-04-21 23:09:42', '2023-04-21 23:09:42'),
	(7, 7, 10, '2023-04-21 23:09:42', '2023-04-21 23:09:42'),
	(8, 8, 10, '2023-04-21 23:09:42', '2023-04-21 23:09:42'),
	(9, 9, 10, '2023-04-21 23:09:42', '2023-04-21 23:09:42'),
	(10, 10, 10, '2023-04-21 23:09:42', '2023-04-21 23:09:42'),
	(11, 11, 10, '2023-04-21 23:09:42', '2023-04-21 23:09:42'),
	(12, 12, 10, '2023-04-21 23:09:42', '2023-04-21 23:09:42'),
	(13, 13, 10, '2023-04-21 23:09:42', '2023-04-21 23:09:42'),
	(14, 14, 10, '2023-04-21 23:09:42', '2023-04-21 23:09:42'),
	(15, 15, 10, '2023-04-21 23:09:42', '2023-04-21 23:09:42');

-- Дамп данных таблицы homestead.categories: ~88 rows (приблизительно)
INSERT INTO `categories` (`id`, `name`, `parent_id`, `created_at`, `updated_at`) VALUES
	(1, 'Computers', NULL, '2023-04-21 23:09:42', '2023-04-21 23:09:42'),
	(2, 'Cooking', NULL, '2023-04-21 23:09:42', '2023-04-21 23:09:42'),
	(3, 'Education', NULL, '2023-04-21 23:09:42', '2023-04-21 23:09:42'),
	(4, 'Fiction', NULL, '2023-04-21 23:09:42', '2023-04-21 23:09:42'),
	(5, 'Health', NULL, '2023-04-21 23:09:42', '2023-04-21 23:09:42'),
	(6, 'Mathematics', NULL, '2023-04-21 23:09:42', '2023-04-21 23:09:42'),
	(7, 'Medical', NULL, '2023-04-21 23:09:42', '2023-04-21 23:09:42'),
	(8, 'Reference', NULL, '2023-04-21 23:09:42', '2023-04-21 23:09:42'),
	(9, 'Science', NULL, '2023-04-21 23:09:42', '2023-04-21 23:09:42'),
	(10, 'Best Sellers', NULL, '2023-04-21 23:09:42', '2023-04-21 23:09:42'),
	(11, 'New Arrivals', NULL, '2023-04-21 23:09:42', '2023-04-21 23:09:42'),
	(12, 'Used Books', NULL, '2023-04-21 23:09:42', '2023-04-21 23:09:42'),
	(13, 'Special Offers', NULL, '2023-04-21 23:09:42', '2023-04-21 23:09:42'),
	(14, 'Fiction & Literature', NULL, '2023-04-21 23:09:42', '2023-04-21 23:09:42'),
	(15, 'Children', 14, '2023-04-21 23:09:42', '2023-04-21 23:09:42'),
	(16, 'Science', 14, '2023-04-21 23:09:42', '2023-04-21 23:09:42'),
	(17, 'Fantasy', 14, '2023-04-21 23:09:42', '2023-04-21 23:09:42'),
	(18, 'Mystery', 14, '2023-04-21 23:09:42', '2023-04-21 23:09:42'),
	(19, 'Romance', 14, '2023-04-21 23:09:42', '2023-04-21 23:09:42'),
	(20, 'Horror', 14, '2023-04-21 23:09:42', '2023-04-21 23:09:42'),
	(21, 'Poetry', 14, '2023-04-21 23:09:42', '2023-04-21 23:09:42'),
	(22, 'Literature', 14, '2023-04-21 23:09:42', '2023-04-21 23:09:42'),
	(23, 'Crime', 14, '2023-04-21 23:09:42', '2023-04-21 23:09:42'),
	(24, 'Non-Fiction', NULL, '2023-04-21 23:09:42', '2023-04-21 23:09:42'),
	(25, 'Comic', 24, '2023-04-21 23:09:42', '2023-04-21 23:09:42'),
	(26, 'Cook', 24, '2023-04-21 23:09:42', '2023-04-21 23:09:42'),
	(27, 'Psychology', 24, '2023-04-21 23:09:42', '2023-04-21 23:09:42'),
	(28, 'Medical', 24, '2023-04-21 23:09:42', '2023-04-21 23:09:42'),
	(29, 'Art', 24, '2023-04-21 23:09:42', '2023-04-21 23:09:42'),
	(30, 'Photography', 24, '2023-04-21 23:09:42', '2023-04-21 23:09:42'),
	(31, 'Law', 24, '2023-04-21 23:09:42', '2023-04-21 23:09:42'),
	(32, 'History', 24, '2023-04-21 23:09:42', '2023-04-21 23:09:42'),
	(33, 'Business', 24, '2023-04-21 23:09:42', '2023-04-21 23:09:42'),
	(34, 'Computer', 24, '2023-04-21 23:09:42', '2023-04-21 23:09:42'),
	(35, 'Other', NULL, '2023-04-21 23:09:42', '2023-04-21 23:09:42'),
	(36, 'Baby', 35, '2023-04-21 23:09:42', '2023-04-21 23:09:42'),
	(37, 'Sex', 35, '2023-04-21 23:09:42', '2023-04-21 23:09:42'),
	(38, 'Travel', 35, '2023-04-21 23:09:42', '2023-04-21 23:09:42'),
	(39, 'Science', 35, '2023-04-21 23:09:42', '2023-04-21 23:09:42'),
	(40, 'Sports', 35, '2023-04-21 23:09:42', '2023-04-21 23:09:42'),
	(41, 'Biography & True Stories', NULL, '2023-04-21 23:09:42', '2023-04-21 23:09:42'),
	(42, 'General', 41, '2023-04-21 23:09:42', '2023-04-21 23:09:42'),
	(43, 'Diaries, Letters, & Journals', 41, '2023-04-21 23:09:42', '2023-04-21 23:09:42'),
	(44, 'Memoirs', 41, '2023-04-21 23:09:42', '2023-04-21 23:09:42'),
	(45, 'True Stories', 41, '2023-04-21 23:09:42', '2023-04-21 23:09:42'),
	(46, 'Generic Exams', 41, '2023-04-21 23:09:42', '2023-04-21 23:09:42'),
	(47, 'GK Titles', 41, '2023-04-21 23:09:42', '2023-04-21 23:09:42'),
	(48, 'Medical Entrance', 41, '2023-04-21 23:09:42', '2023-04-21 23:09:42'),
	(49, 'Other Entrance Exams', 41, '2023-04-21 23:09:42', '2023-04-21 23:09:42'),
	(50, 'PG Entrance Examinations', 41, '2023-04-21 23:09:42', '2023-04-21 23:09:42'),
	(51, 'Self-help Titles', 41, '2023-04-21 23:09:42', '2023-04-21 23:09:42'),
	(52, 'Sociology', 41, '2023-04-21 23:09:42', '2023-04-21 23:09:42'),
	(53, 'Professional & Reference ', NULL, '2023-04-21 23:09:42', '2023-04-21 23:09:42'),
	(54, 'Academic and Reference', 53, '2023-04-21 23:09:42', '2023-04-21 23:09:42'),
	(55, 'Business Trade', 53, '2023-04-21 23:09:42', '2023-04-21 23:09:42'),
	(56, 'Engineering and Computer Science', 53, '2023-04-21 23:09:42', '2023-04-21 23:09:42'),
	(57, 'Humanities, Social Sciences and Languages', 53, '2023-04-21 23:09:42', '2023-04-21 23:09:42'),
	(58, 'Introduction to Computers', 53, '2023-04-21 23:09:42', '2023-04-21 23:09:42'),
	(59, 'Science and Maths', 53, '2023-04-21 23:09:42', '2023-04-21 23:09:42'),
	(60, 'Trade Business', 53, '2023-04-21 23:09:42', '2023-04-21 23:09:42'),
	(61, 'English Language & Literature', 53, '2023-04-21 23:09:42', '2023-04-21 23:09:42'),
	(62, 'English Language Teaching', 53, '2023-04-21 23:09:42', '2023-04-21 23:09:42'),
	(63, 'Environment Awareness', 53, '2023-04-21 23:09:42', '2023-04-21 23:09:42'),
	(64, 'Environment Protection', 53, '2023-04-21 23:09:42', '2023-04-21 23:09:42'),
	(65, 'Earth Sciences', NULL, '2023-04-21 23:09:42', '2023-04-21 23:09:42'),
	(66, 'Earth Sciences', 65, '2023-04-21 23:09:42', '2023-04-21 23:09:42'),
	(67, 'Geography', 65, '2023-04-21 23:09:42', '2023-04-21 23:09:42'),
	(68, 'The Environment', 65, '2023-04-21 23:09:42', '2023-04-21 23:09:42'),
	(69, 'Regional & Area Planning', 65, '2023-04-21 23:09:42', '2023-04-21 23:09:42'),
	(70, 'Fantasy', 65, '2023-04-21 23:09:42', '2023-04-21 23:09:42'),
	(71, 'Gay', 65, '2023-04-21 23:09:42', '2023-04-21 23:09:42'),
	(72, 'Humorous', 65, '2023-04-21 23:09:42', '2023-04-21 23:09:42'),
	(73, 'Interactive', 65, '2023-04-21 23:09:42', '2023-04-21 23:09:42'),
	(74, 'Legal', 65, '2023-04-21 23:09:42', '2023-04-21 23:09:42'),
	(75, 'Lesbian', 65, '2023-04-21 23:09:42', '2023-04-21 23:09:42'),
	(76, 'Men\'S Adventure', 65, '2023-04-21 23:09:42', '2023-04-21 23:09:42'),
	(77, 'Mathematics', NULL, '2023-04-21 23:09:42', '2023-04-21 23:09:42'),
	(78, 'Algebra', 77, '2023-04-21 23:09:42', '2023-04-21 23:09:42'),
	(79, 'Differential Equations', 77, '2023-04-21 23:09:42', '2023-04-21 23:09:42'),
	(80, 'Discrete Mathematics', 77, '2023-04-21 23:09:42', '2023-04-21 23:09:42'),
	(81, 'Fourier Analysis', 77, '2023-04-21 23:09:42', '2023-04-21 23:09:42'),
	(82, 'Numerical Analysis', 77, '2023-04-21 23:09:42', '2023-04-21 23:09:42'),
	(83, 'Probability', 77, '2023-04-21 23:09:42', '2023-04-21 23:09:42'),
	(84, 'Statistic Methods/data Analyses', 77, '2023-04-21 23:09:42', '2023-04-21 23:09:42'),
	(85, 'Stochastic And Random Processes', 77, '2023-04-21 23:09:42', '2023-04-21 23:09:42'),
	(86, 'Topology', 77, '2023-04-21 23:09:42', '2023-04-21 23:09:42'),
	(87, 'Statistics', 77, '2023-04-21 23:09:42', '2023-04-21 23:09:42'),
	(88, 'Mathematics', 77, '2023-04-21 23:09:42', '2023-04-21 23:09:42');

-- Дамп данных таблицы homestead.category_locations: ~20 rows (приблизительно)
INSERT INTO `category_locations` (`id`, `category_id`, `location_id`, `created_at`, `updated_at`) VALUES
	(1, 1, 1, '2023-04-21 23:09:42', '2023-04-21 23:09:42'),
	(2, 2, 1, '2023-04-21 23:09:42', '2023-04-21 23:09:42'),
	(3, 3, 1, '2023-04-21 23:09:42', '2023-04-21 23:09:42'),
	(4, 4, 1, '2023-04-21 23:09:42', '2023-04-21 23:09:42'),
	(5, 5, 1, '2023-04-21 23:09:42', '2023-04-21 23:09:42'),
	(6, 6, 1, '2023-04-21 23:09:42', '2023-04-21 23:09:42'),
	(7, 7, 1, '2023-04-21 23:09:42', '2023-04-21 23:09:42'),
	(8, 8, 1, '2023-04-21 23:09:42', '2023-04-21 23:09:42'),
	(9, 9, 1, '2023-04-21 23:09:42', '2023-04-21 23:09:42'),
	(10, 10, 2, '2023-04-21 23:09:42', '2023-04-21 23:09:42'),
	(11, 11, 2, '2023-04-21 23:09:42', '2023-04-21 23:09:42'),
	(12, 12, 2, '2023-04-21 23:09:42', '2023-04-21 23:09:42'),
	(13, 13, 2, '2023-04-21 23:09:42', '2023-04-21 23:09:42'),
	(14, 14, 3, '2023-04-21 23:09:42', '2023-04-21 23:09:42'),
	(15, 24, 3, '2023-04-21 23:09:42', '2023-04-21 23:09:42'),
	(16, 35, 3, '2023-04-21 23:09:42', '2023-04-21 23:09:42'),
	(17, 41, 4, '2023-04-21 23:09:42', '2023-04-21 23:09:42'),
	(18, 53, 4, '2023-04-21 23:09:42', '2023-04-21 23:09:42'),
	(19, 65, 4, '2023-04-21 23:09:42', '2023-04-21 23:09:42'),
	(20, 77, 4, '2023-04-21 23:09:42', '2023-04-21 23:09:42');

/*!40103 SET TIME_ZONE=IFNULL(@OLD_TIME_ZONE, 'system') */;
/*!40101 SET SQL_MODE=IFNULL(@OLD_SQL_MODE, '') */;
/*!40014 SET FOREIGN_KEY_CHECKS=IFNULL(@OLD_FOREIGN_KEY_CHECKS, 1) */;
/*!40101 SET CHARACTER_SET_CLIENT=@OLD_CHARACTER_SET_CLIENT */;
/*!40111 SET SQL_NOTES=IFNULL(@OLD_SQL_NOTES, 1) */;
