-- --------------------------------------------------------
-- Хост:                         192.168.56.56
-- Версия сервера:               8.0.30-0ubuntu0.20.04.2 - (Ubuntu)
-- Операционная система:         Linux
-- HeidiSQL Версия:              12.4.0.6659
-- --------------------------------------------------------

/*!40101 SET @OLD_CHARACTER_SET_CLIENT=@@CHARACTER_SET_CLIENT */;
/*!40101 SET NAMES utf8 */;
/*!50503 SET NAMES utf8mb4 */;
/*!40103 SET @OLD_TIME_ZONE=@@TIME_ZONE */;
/*!40103 SET TIME_ZONE='+00:00' */;
/*!40014 SET @OLD_FOREIGN_KEY_CHECKS=@@FOREIGN_KEY_CHECKS, FOREIGN_KEY_CHECKS=0 */;
/*!40101 SET @OLD_SQL_MODE=@@SQL_MODE, SQL_MODE='NO_AUTO_VALUE_ON_ZERO' */;
/*!40111 SET @OLD_SQL_NOTES=@@SQL_NOTES, SQL_NOTES=0 */;


-- Дамп структуры базы данных homestead
CREATE DATABASE IF NOT EXISTS `homestead` /*!40100 DEFAULT CHARACTER SET utf8mb4 COLLATE utf8mb4_bin */ /*!80016 DEFAULT ENCRYPTION='N' */;
USE `homestead`;

-- Дамп структуры для таблица homestead.admins
CREATE TABLE IF NOT EXISTS `admins` (
  `id` bigint unsigned NOT NULL AUTO_INCREMENT,
  `name` varchar(255) COLLATE utf8mb4_unicode_ci NOT NULL,
  `email` varchar(255) COLLATE utf8mb4_unicode_ci NOT NULL,
  `password` varchar(255) COLLATE utf8mb4_unicode_ci NOT NULL,
  `remember_token` varchar(100) COLLATE utf8mb4_unicode_ci DEFAULT NULL,
  `created_at` timestamp NULL DEFAULT NULL,
  `updated_at` timestamp NULL DEFAULT NULL,
  PRIMARY KEY (`id`),
  UNIQUE KEY `admins_email_unique` (`email`)
) ENGINE=InnoDB DEFAULT CHARSET=utf8mb4 COLLATE=utf8mb4_unicode_ci;

-- Дамп данных таблицы homestead.admins: ~0 rows (приблизительно)

-- Дамп структуры для таблица homestead.authors
CREATE TABLE IF NOT EXISTS `authors` (
  `id` bigint unsigned NOT NULL AUTO_INCREMENT,
  `name` varchar(255) COLLATE utf8mb4_unicode_ci NOT NULL,
  `created_at` timestamp NULL DEFAULT NULL,
  `updated_at` timestamp NULL DEFAULT NULL,
  PRIMARY KEY (`id`)
) ENGINE=InnoDB DEFAULT CHARSET=utf8mb4 COLLATE=utf8mb4_unicode_ci;

-- Дамп данных таблицы homestead.authors: ~82 rows (приблизительно)
INSERT INTO `authors` (`id`, `name`, `created_at`, `updated_at`) VALUES
	(1, 'Chinua Achebe', '2023-05-31 13:09:13', '2023-05-31 13:09:13'),
	(2, 'Hans Christian Andersen', '2023-05-31 13:09:13', '2023-05-31 13:09:13'),
	(3, 'Dante Alighieri', '2023-05-31 13:09:13', '2023-05-31 13:09:13'),
	(4, 'Unknown', '2023-05-31 13:09:13', '2023-05-31 13:09:13'),
	(5, 'Jane Austen', '2023-05-31 13:09:14', '2023-05-31 13:09:14'),
	(6, 'Honoré de Balzac', '2023-05-31 13:09:14', '2023-05-31 13:09:14'),
	(7, 'Samuel Beckett', '2023-05-31 13:09:14', '2023-05-31 13:09:14'),
	(8, 'Giovanni Boccaccio', '2023-05-31 13:09:14', '2023-05-31 13:09:14'),
	(9, 'Jorge Luis Borges', '2023-05-31 13:09:14', '2023-05-31 13:09:14'),
	(10, 'Emily Brontë', '2023-05-31 13:09:14', '2023-05-31 13:09:14'),
	(11, 'Albert Camus', '2023-05-31 13:09:14', '2023-05-31 13:09:14'),
	(12, 'Paul Celan', '2023-05-31 13:09:14', '2023-05-31 13:09:14'),
	(13, 'Louis-Ferdinand Céline', '2023-05-31 13:09:14', '2023-05-31 13:09:14'),
	(14, 'Miguel de Cervantes', '2023-05-31 13:09:14', '2023-05-31 13:09:14'),
	(15, 'Geoffrey Chaucer', '2023-05-31 13:09:14', '2023-05-31 13:09:14'),
	(16, 'Anton Chekhov', '2023-05-31 13:09:14', '2023-05-31 13:09:14'),
	(17, 'Joseph Conrad', '2023-05-31 13:09:14', '2023-05-31 13:09:14'),
	(18, 'Charles Dickens', '2023-05-31 13:09:14', '2023-05-31 13:09:14'),
	(19, 'Denis Diderot', '2023-05-31 13:09:14', '2023-05-31 13:09:14'),
	(20, 'Alfred Döblin', '2023-05-31 13:09:14', '2023-05-31 13:09:14'),
	(21, 'Fyodor Dostoevsky', '2023-05-31 13:09:14', '2023-05-31 13:09:14'),
	(22, 'George Eliot', '2023-05-31 13:09:14', '2023-05-31 13:09:14'),
	(23, 'Ralph Ellison', '2023-05-31 13:09:14', '2023-05-31 13:09:14'),
	(24, 'Euripides', '2023-05-31 13:09:14', '2023-05-31 13:09:14'),
	(25, 'William Faulkner', '2023-05-31 13:09:14', '2023-05-31 13:09:14'),
	(26, 'Gustave Flaubert', '2023-05-31 13:09:14', '2023-05-31 13:09:14'),
	(27, 'Federico García Lorca', '2023-05-31 13:09:14', '2023-05-31 13:09:14'),
	(28, 'Gabriel García Márquez', '2023-05-31 13:09:14', '2023-05-31 13:09:14'),
	(29, 'Johann Wolfgang von Goethe', '2023-05-31 13:09:14', '2023-05-31 13:09:14'),
	(30, 'Nikolai Gogol', '2023-05-31 13:09:14', '2023-05-31 13:09:14'),
	(31, 'Günter Grass', '2023-05-31 13:09:14', '2023-05-31 13:09:14'),
	(32, 'João Guimarães Rosa', '2023-05-31 13:09:14', '2023-05-31 13:09:14'),
	(33, 'Knut Hamsun', '2023-05-31 13:09:14', '2023-05-31 13:09:14'),
	(34, 'Ernest Hemingway', '2023-05-31 13:09:14', '2023-05-31 13:09:14'),
	(35, 'Homer', '2023-05-31 13:09:14', '2023-05-31 13:09:14'),
	(36, 'Henrik Ibsen', '2023-05-31 13:09:14', '2023-05-31 13:09:14'),
	(37, 'James Joyce', '2023-05-31 13:09:14', '2023-05-31 13:09:14'),
	(38, 'Franz Kafka', '2023-05-31 13:09:14', '2023-05-31 13:09:14'),
	(39, 'Kālidāsa', '2023-05-31 13:09:14', '2023-05-31 13:09:14'),
	(40, 'Yasunari Kawabata', '2023-05-31 13:09:14', '2023-05-31 13:09:14'),
	(41, 'Nikos Kazantzakis', '2023-05-31 13:09:14', '2023-05-31 13:09:14'),
	(42, 'D. H. Lawrence', '2023-05-31 13:09:14', '2023-05-31 13:09:14'),
	(43, 'Halldór Laxness', '2023-05-31 13:09:14', '2023-05-31 13:09:14'),
	(44, 'Giacomo Leopardi', '2023-05-31 13:09:14', '2023-05-31 13:09:14'),
	(45, 'Doris Lessing', '2023-05-31 13:09:14', '2023-05-31 13:09:14'),
	(46, 'Astrid Lindgren', '2023-05-31 13:09:14', '2023-05-31 13:09:14'),
	(47, 'Lu Xun', '2023-05-31 13:09:14', '2023-05-31 13:09:14'),
	(48, 'Naguib Mahfouz', '2023-05-31 13:09:14', '2023-05-31 13:09:14'),
	(49, 'Thomas Mann', '2023-05-31 13:09:14', '2023-05-31 13:09:14'),
	(50, 'Herman Melville', '2023-05-31 13:09:14', '2023-05-31 13:09:14'),
	(51, 'Michel de Montaigne', '2023-05-31 13:09:14', '2023-05-31 13:09:14'),
	(52, 'Elsa Morante', '2023-05-31 13:09:14', '2023-05-31 13:09:14'),
	(53, 'Toni Morrison', '2023-05-31 13:09:14', '2023-05-31 13:09:14'),
	(54, 'Murasaki Shikibu', '2023-05-31 13:09:15', '2023-05-31 13:09:15'),
	(55, 'Robert Musil', '2023-05-31 13:09:15', '2023-05-31 13:09:15'),
	(56, 'Vladimir Nabokov', '2023-05-31 13:09:15', '2023-05-31 13:09:15'),
	(57, 'George Orwell', '2023-05-31 13:09:15', '2023-05-31 13:09:15'),
	(58, 'Ovid', '2023-05-31 13:09:15', '2023-05-31 13:09:15'),
	(59, 'Fernando Pessoa', '2023-05-31 13:09:15', '2023-05-31 13:09:15'),
	(60, 'Edgar Allan Poe', '2023-05-31 13:09:15', '2023-05-31 13:09:15'),
	(61, 'Marcel Proust', '2023-05-31 13:09:15', '2023-05-31 13:09:15'),
	(62, 'François Rabelais', '2023-05-31 13:09:15', '2023-05-31 13:09:15'),
	(63, 'Juan Rulfo', '2023-05-31 13:09:15', '2023-05-31 13:09:15'),
	(64, 'Rumi', '2023-05-31 13:09:15', '2023-05-31 13:09:15'),
	(65, 'Salman Rushdie', '2023-05-31 13:09:15', '2023-05-31 13:09:15'),
	(66, 'Saadi', '2023-05-31 13:09:15', '2023-05-31 13:09:15'),
	(67, 'Tayeb Salih', '2023-05-31 13:09:15', '2023-05-31 13:09:15'),
	(68, 'José Saramago', '2023-05-31 13:09:15', '2023-05-31 13:09:15'),
	(69, 'William Shakespeare', '2023-05-31 13:09:15', '2023-05-31 13:09:15'),
	(70, 'Sophocles', '2023-05-31 13:09:15', '2023-05-31 13:09:15'),
	(71, 'Stendhal', '2023-05-31 13:09:15', '2023-05-31 13:09:15'),
	(72, 'Laurence Sterne', '2023-05-31 13:09:15', '2023-05-31 13:09:15'),
	(73, 'Italo Svevo', '2023-05-31 13:09:15', '2023-05-31 13:09:15'),
	(74, 'Jonathan Swift', '2023-05-31 13:09:15', '2023-05-31 13:09:15'),
	(75, 'Leo Tolstoy', '2023-05-31 13:09:15', '2023-05-31 13:09:15'),
	(76, 'Mark Twain', '2023-05-31 13:09:15', '2023-05-31 13:09:15'),
	(77, 'Valmiki', '2023-05-31 13:09:15', '2023-05-31 13:09:15'),
	(78, 'Virgil', '2023-05-31 13:09:15', '2023-05-31 13:09:15'),
	(79, 'Vyasa', '2023-05-31 13:09:15', '2023-05-31 13:09:15'),
	(80, 'Walt Whitman', '2023-05-31 13:09:15', '2023-05-31 13:09:15'),
	(81, 'Virginia Woolf', '2023-05-31 13:09:15', '2023-05-31 13:09:15'),
	(82, 'Marguerite Yourcenar', '2023-05-31 13:09:15', '2023-05-31 13:09:15');

-- Дамп структуры для таблица homestead.author_book
CREATE TABLE IF NOT EXISTS `author_book` (
  `id` bigint unsigned NOT NULL AUTO_INCREMENT,
  `book_id` bigint unsigned NOT NULL,
  `author_id` bigint unsigned NOT NULL,
  `created_at` timestamp NULL DEFAULT NULL,
  `updated_at` timestamp NULL DEFAULT NULL,
  PRIMARY KEY (`id`),
  KEY `author_book_book_id_index` (`book_id`),
  KEY `author_book_author_id_index` (`author_id`),
  CONSTRAINT `author_book_author_id_foreign` FOREIGN KEY (`author_id`) REFERENCES `authors` (`id`),
  CONSTRAINT `author_book_book_id_foreign` FOREIGN KEY (`book_id`) REFERENCES `books` (`id`)
) ENGINE=InnoDB DEFAULT CHARSET=utf8mb4 COLLATE=utf8mb4_unicode_ci;

-- Дамп данных таблицы homestead.author_book: ~100 rows (приблизительно)
INSERT INTO `author_book` (`id`, `book_id`, `author_id`, `created_at`, `updated_at`) VALUES
	(1, 31, 1, '2023-05-31 13:09:13', '2023-05-31 13:09:13'),
	(2, 32, 2, '2023-05-31 13:09:13', '2023-05-31 13:09:13'),
	(3, 33, 3, '2023-05-31 13:09:13', '2023-05-31 13:09:13'),
	(4, 34, 4, '2023-05-31 13:09:13', '2023-05-31 13:09:13'),
	(5, 35, 4, '2023-05-31 13:09:13', '2023-05-31 13:09:13'),
	(6, 36, 4, '2023-05-31 13:09:13', '2023-05-31 13:09:13'),
	(7, 37, 4, '2023-05-31 13:09:13', '2023-05-31 13:09:13'),
	(8, 38, 5, '2023-05-31 13:09:14', '2023-05-31 13:09:14'),
	(9, 39, 6, '2023-05-31 13:09:14', '2023-05-31 13:09:14'),
	(10, 40, 7, '2023-05-31 13:09:14', '2023-05-31 13:09:14'),
	(11, 41, 8, '2023-05-31 13:09:14', '2023-05-31 13:09:14'),
	(12, 42, 9, '2023-05-31 13:09:14', '2023-05-31 13:09:14'),
	(13, 43, 10, '2023-05-31 13:09:14', '2023-05-31 13:09:14'),
	(14, 44, 11, '2023-05-31 13:09:14', '2023-05-31 13:09:14'),
	(15, 45, 12, '2023-05-31 13:09:14', '2023-05-31 13:09:14'),
	(16, 46, 13, '2023-05-31 13:09:14', '2023-05-31 13:09:14'),
	(17, 47, 14, '2023-05-31 13:09:14', '2023-05-31 13:09:14'),
	(18, 48, 15, '2023-05-31 13:09:14', '2023-05-31 13:09:14'),
	(19, 49, 16, '2023-05-31 13:09:14', '2023-05-31 13:09:14'),
	(20, 50, 17, '2023-05-31 13:09:14', '2023-05-31 13:09:14'),
	(21, 51, 18, '2023-05-31 13:09:14', '2023-05-31 13:09:14'),
	(22, 52, 19, '2023-05-31 13:09:14', '2023-05-31 13:09:14'),
	(23, 53, 20, '2023-05-31 13:09:14', '2023-05-31 13:09:14'),
	(24, 54, 21, '2023-05-31 13:09:14', '2023-05-31 13:09:14'),
	(25, 55, 21, '2023-05-31 13:09:14', '2023-05-31 13:09:14'),
	(26, 56, 21, '2023-05-31 13:09:14', '2023-05-31 13:09:14'),
	(27, 57, 21, '2023-05-31 13:09:14', '2023-05-31 13:09:14'),
	(28, 58, 22, '2023-05-31 13:09:14', '2023-05-31 13:09:14'),
	(29, 59, 23, '2023-05-31 13:09:14', '2023-05-31 13:09:14'),
	(30, 60, 24, '2023-05-31 13:09:14', '2023-05-31 13:09:14'),
	(31, 61, 25, '2023-05-31 13:09:14', '2023-05-31 13:09:14'),
	(32, 62, 25, '2023-05-31 13:09:14', '2023-05-31 13:09:14'),
	(33, 63, 26, '2023-05-31 13:09:14', '2023-05-31 13:09:14'),
	(34, 64, 26, '2023-05-31 13:09:14', '2023-05-31 13:09:14'),
	(35, 65, 27, '2023-05-31 13:09:14', '2023-05-31 13:09:14'),
	(36, 66, 28, '2023-05-31 13:09:14', '2023-05-31 13:09:14'),
	(37, 67, 28, '2023-05-31 13:09:14', '2023-05-31 13:09:14'),
	(38, 68, 29, '2023-05-31 13:09:14', '2023-05-31 13:09:14'),
	(39, 69, 30, '2023-05-31 13:09:14', '2023-05-31 13:09:14'),
	(40, 70, 31, '2023-05-31 13:09:14', '2023-05-31 13:09:14'),
	(41, 71, 32, '2023-05-31 13:09:14', '2023-05-31 13:09:14'),
	(42, 72, 33, '2023-05-31 13:09:14', '2023-05-31 13:09:14'),
	(43, 73, 34, '2023-05-31 13:09:14', '2023-05-31 13:09:14'),
	(44, 74, 35, '2023-05-31 13:09:14', '2023-05-31 13:09:14'),
	(45, 75, 35, '2023-05-31 13:09:14', '2023-05-31 13:09:14'),
	(46, 76, 36, '2023-05-31 13:09:14', '2023-05-31 13:09:14'),
	(47, 77, 37, '2023-05-31 13:09:14', '2023-05-31 13:09:14'),
	(48, 78, 38, '2023-05-31 13:09:14', '2023-05-31 13:09:14'),
	(49, 79, 38, '2023-05-31 13:09:14', '2023-05-31 13:09:14'),
	(50, 80, 38, '2023-05-31 13:09:14', '2023-05-31 13:09:14'),
	(51, 81, 39, '2023-05-31 13:09:14', '2023-05-31 13:09:14'),
	(52, 82, 40, '2023-05-31 13:09:14', '2023-05-31 13:09:14'),
	(53, 83, 41, '2023-05-31 13:09:14', '2023-05-31 13:09:14'),
	(54, 84, 42, '2023-05-31 13:09:14', '2023-05-31 13:09:14'),
	(55, 85, 43, '2023-05-31 13:09:14', '2023-05-31 13:09:14'),
	(56, 86, 44, '2023-05-31 13:09:14', '2023-05-31 13:09:14'),
	(57, 87, 45, '2023-05-31 13:09:14', '2023-05-31 13:09:14'),
	(58, 88, 46, '2023-05-31 13:09:14', '2023-05-31 13:09:14'),
	(59, 89, 47, '2023-05-31 13:09:14', '2023-05-31 13:09:14'),
	(60, 90, 48, '2023-05-31 13:09:14', '2023-05-31 13:09:14'),
	(61, 91, 49, '2023-05-31 13:09:14', '2023-05-31 13:09:14'),
	(62, 92, 49, '2023-05-31 13:09:14', '2023-05-31 13:09:14'),
	(63, 93, 50, '2023-05-31 13:09:14', '2023-05-31 13:09:14'),
	(64, 94, 51, '2023-05-31 13:09:14', '2023-05-31 13:09:14'),
	(65, 95, 52, '2023-05-31 13:09:14', '2023-05-31 13:09:14'),
	(66, 96, 53, '2023-05-31 13:09:14', '2023-05-31 13:09:14'),
	(67, 97, 54, '2023-05-31 13:09:15', '2023-05-31 13:09:15'),
	(68, 98, 55, '2023-05-31 13:09:15', '2023-05-31 13:09:15'),
	(69, 99, 56, '2023-05-31 13:09:15', '2023-05-31 13:09:15'),
	(70, 100, 57, '2023-05-31 13:09:15', '2023-05-31 13:09:15'),
	(71, 101, 58, '2023-05-31 13:09:15', '2023-05-31 13:09:15'),
	(72, 102, 59, '2023-05-31 13:09:15', '2023-05-31 13:09:15'),
	(73, 103, 60, '2023-05-31 13:09:15', '2023-05-31 13:09:15'),
	(74, 104, 61, '2023-05-31 13:09:15', '2023-05-31 13:09:15'),
	(75, 105, 62, '2023-05-31 13:09:15', '2023-05-31 13:09:15'),
	(76, 106, 63, '2023-05-31 13:09:15', '2023-05-31 13:09:15'),
	(77, 107, 64, '2023-05-31 13:09:15', '2023-05-31 13:09:15'),
	(78, 108, 65, '2023-05-31 13:09:15', '2023-05-31 13:09:15'),
	(79, 109, 66, '2023-05-31 13:09:15', '2023-05-31 13:09:15'),
	(80, 110, 67, '2023-05-31 13:09:15', '2023-05-31 13:09:15'),
	(81, 111, 68, '2023-05-31 13:09:15', '2023-05-31 13:09:15'),
	(82, 112, 69, '2023-05-31 13:09:15', '2023-05-31 13:09:15'),
	(83, 113, 69, '2023-05-31 13:09:15', '2023-05-31 13:09:15'),
	(84, 114, 69, '2023-05-31 13:09:15', '2023-05-31 13:09:15'),
	(85, 115, 70, '2023-05-31 13:09:15', '2023-05-31 13:09:15'),
	(86, 116, 71, '2023-05-31 13:09:15', '2023-05-31 13:09:15'),
	(87, 117, 72, '2023-05-31 13:09:15', '2023-05-31 13:09:15'),
	(88, 118, 73, '2023-05-31 13:09:15', '2023-05-31 13:09:15'),
	(89, 119, 74, '2023-05-31 13:09:15', '2023-05-31 13:09:15'),
	(90, 120, 75, '2023-05-31 13:09:15', '2023-05-31 13:09:15'),
	(91, 121, 75, '2023-05-31 13:09:15', '2023-05-31 13:09:15'),
	(92, 122, 75, '2023-05-31 13:09:15', '2023-05-31 13:09:15'),
	(93, 123, 76, '2023-05-31 13:09:15', '2023-05-31 13:09:15'),
	(94, 124, 77, '2023-05-31 13:09:15', '2023-05-31 13:09:15'),
	(95, 125, 78, '2023-05-31 13:09:15', '2023-05-31 13:09:15'),
	(96, 126, 79, '2023-05-31 13:09:15', '2023-05-31 13:09:15'),
	(97, 127, 80, '2023-05-31 13:09:15', '2023-05-31 13:09:15'),
	(98, 128, 81, '2023-05-31 13:09:15', '2023-05-31 13:09:15'),
	(99, 129, 81, '2023-05-31 13:09:15', '2023-05-31 13:09:15'),
	(100, 130, 82, '2023-05-31 13:09:15', '2023-05-31 13:09:15');

-- Дамп структуры для таблица homestead.books
CREATE TABLE IF NOT EXISTS `books` (
  `id` bigint unsigned NOT NULL AUTO_INCREMENT,
  `title` varchar(255) COLLATE utf8mb4_unicode_ci NOT NULL,
  `slug` varchar(255) COLLATE utf8mb4_unicode_ci NOT NULL,
  `image` varchar(255) COLLATE utf8mb4_unicode_ci NOT NULL DEFAULT 'image.png',
  `price` double(8,2) NOT NULL,
  `discount` tinyint unsigned DEFAULT NULL,
  `in_stock` tinyint(1) NOT NULL DEFAULT '1',
  `description` text COLLATE utf8mb4_unicode_ci NOT NULL,
  `information` text COLLATE utf8mb4_unicode_ci NOT NULL,
  `created_at` timestamp NULL DEFAULT NULL,
  `updated_at` timestamp NULL DEFAULT NULL,
  PRIMARY KEY (`id`),
  UNIQUE KEY `books_slug_unique` (`slug`),
  KEY `books_title_index` (`title`),
  KEY `books_in_stock_index` (`in_stock`)
) ENGINE=InnoDB DEFAULT CHARSET=utf8mb4 COLLATE=utf8mb4_unicode_ci;

-- Дамп данных таблицы homestead.books: ~115 rows (приблизительно)
INSERT INTO `books` (`id`, `title`, `slug`, `image`, `price`, `discount`, `in_stock`, `description`, `information`, `created_at`, `updated_at`) VALUES
	(1, 'The Hare With Amber Eyes', 'the-hare-with-amber-eyes', '1.png', 5.00, 30, 1, '', '', '2023-05-31 13:08:27', '2023-05-31 13:08:27'),
	(2, 'The war of Art', 'the-war-of-art', '2.png', 6.00, NULL, 1, '', '', '2023-05-31 13:08:27', '2023-05-31 13:08:27'),
	(3, 'The Hare With Amber Eyes 2', 'the-hare-with-amber-eyes-2', '3.png', 2.50, 30, 1, '', '', '2023-05-31 13:08:27', '2023-05-31 13:08:27'),
	(4, 'The Immortals of Meluha', 'the-immortals-of-meluha', '4.png', 8.00, NULL, 1, '', '', '2023-05-31 13:08:27', '2023-05-31 13:08:27'),
	(5, 'Life Is What You Make It', 'life-is-what-you-make-it', '5.png', 20.00, NULL, 1, '', '', '2023-05-31 13:08:27', '2023-05-31 13:08:27'),
	(6, 'The Hare With Amber Eyes 3', 'the-hare-with-amber-eyes-3', '6.png', 20.00, NULL, 1, '', '', '2023-05-31 13:08:27', '2023-05-31 13:08:27'),
	(7, 'The war of Art 2', 'the-war-of-art-2', '7.png', 15.00, NULL, 1, '', '', '2023-05-31 13:08:27', '2023-05-31 13:08:27'),
	(8, 'The Hare With Amber Eyes 4', 'the-hare-with-amber-eyes-4', '8.png', 10.00, 30, 1, '', '', '2023-05-31 13:08:27', '2023-05-31 13:08:27'),
	(9, 'The Immortals of Meluha 2', 'the-immortals-of-meluha-2', '9.png', 15.20, NULL, 1, '', '', '2023-05-31 13:08:27', '2023-05-31 13:08:27'),
	(10, 'Life Is What You Make It 2', 'life-is-what-you-make-it-2', '10.png', 20.00, NULL, 1, '', '', '2023-05-31 13:08:27', '2023-05-31 13:08:27'),
	(11, 'The Hare With Amber Eyes 5', 'the-hare-with-amber-eyes-5', '11.png', 22.00, NULL, 1, '', '', '2023-05-31 13:08:27', '2023-05-31 13:08:27'),
	(12, 'The war of Art 3', 'the-war-of-art-3', '12.png', 1.00, NULL, 1, '', '', '2023-05-31 13:08:27', '2023-05-31 13:08:27'),
	(13, 'The Hare With Amber Eyes 6', 'the-hare-with-amber-eyes-6', '13.png', 2.20, NULL, 1, '', '', '2023-05-31 13:08:27', '2023-05-31 13:08:27'),
	(14, 'The Immortals of Meluha 3', 'the-immortals-of-meluha-3', '14.png', 30.00, 30, 1, '', '', '2023-05-31 13:08:27', '2023-05-31 13:08:27'),
	(15, 'Life Is What You Make It 3', 'life-is-what-you-make-it-3', '15.png', 20.50, NULL, 1, '', '', '2023-05-31 13:08:27', '2023-05-31 13:08:27'),
	(31, 'Things Fall Apart', 'things-fall-apart', 'things-fall-apart.jpg', 7.00, NULL, 1, '', '', '2023-05-31 13:09:13', '2023-05-31 13:09:13'),
	(32, 'Fairy tales', 'fairy-tales', 'fairy-tales.jpg', 2.00, NULL, 1, '', '', '2023-05-31 13:09:13', '2023-05-31 13:09:13'),
	(33, 'The Divine Comedy', 'the-divine-comedy', 'the-divine-comedy.jpg', 2.00, NULL, 1, '', '', '2023-05-31 13:09:13', '2023-05-31 13:09:13'),
	(34, 'The Epic Of Gilgamesh', 'the-epic-of-gilgamesh', 'the-epic-of-gilgamesh.jpg', 3.05, NULL, 1, '', '', '2023-05-31 13:09:13', '2023-05-31 13:09:13'),
	(35, 'The Book Of Job', 'the-book-of-job', 'the-book-of-job.jpg', 7.00, NULL, 1, '', '', '2023-05-31 13:09:13', '2023-05-31 13:09:13'),
	(36, 'One Thousand and One Nights', 'one-thousand-and-one-nights', 'one-thousand-and-one-nights.jpg', 1.00, NULL, 1, '', '', '2023-05-31 13:09:13', '2023-05-31 13:09:13'),
	(37, 'Njál\'s Saga', 'njals-saga', 'njals-saga.jpg', 8.10, NULL, 1, '', '', '2023-05-31 13:09:13', '2023-05-31 13:09:13'),
	(38, 'Pride and Prejudice', 'pride-and-prejudice', 'pride-and-prejudice.jpg', 3.05, NULL, 1, '', '', '2023-05-31 13:09:14', '2023-05-31 13:09:14'),
	(39, 'Le Père Goriot', 'le-pere-goriot', 'le-pere-goriot.jpg', 5.10, NULL, 1, '', '', '2023-05-31 13:09:14', '2023-05-31 13:09:14'),
	(40, 'Molloy, Malone Dies, The Unnamable, the trilogy', 'molloy-malone-dies-the-unnamable-the-trilogy', 'molloy-malone-dies-the-unnamable.jpg', 6.00, NULL, 1, '', '', '2023-05-31 13:09:14', '2023-05-31 13:09:14'),
	(41, 'The Decameron', 'the-decameron', 'the-decameron.jpg', 1.00, NULL, 1, '', '', '2023-05-31 13:09:14', '2023-05-31 13:09:14'),
	(42, 'Ficciones', 'ficciones', 'ficciones.jpg', 2.00, NULL, 1, '', '', '2023-05-31 13:09:14', '2023-05-31 13:09:14'),
	(43, 'Wuthering Heights', 'wuthering-heights', 'wuthering-heights.jpg', 6.00, NULL, 1, '', '', '2023-05-31 13:09:14', '2023-05-31 13:09:14'),
	(44, 'The Stranger', 'the-stranger', 'l-etranger.jpg', 9.00, NULL, 1, '', '', '2023-05-31 13:09:14', '2023-05-31 13:09:14'),
	(45, 'Poems 2', 'poems-2', 'poems-paul-celan.jpg', 7.00, NULL, 1, '', '', '2023-05-31 13:09:14', '2023-05-31 13:09:14'),
	(46, 'Journey to the End of the Night', 'journey-to-the-end-of-the-night', 'voyage-au-bout-de-la-nuit.jpg', 5.10, NULL, 1, '', '', '2023-05-31 13:09:14', '2023-05-31 13:09:14'),
	(47, 'Don Quijote De La Mancha', 'don-quijote-de-la-mancha', 'don-quijote-de-la-mancha.jpg', 1.00, NULL, 1, '', '', '2023-05-31 13:09:14', '2023-05-31 13:09:14'),
	(48, 'The Canterbury Tales', 'the-canterbury-tales', 'the-canterbury-tales.jpg', 8.10, NULL, 1, '', '', '2023-05-31 13:09:14', '2023-05-31 13:09:14'),
	(49, 'Stories', 'stories', 'stories-of-anton-chekhov.jpg', 6.00, NULL, 1, '', '', '2023-05-31 13:09:14', '2023-05-31 13:09:14'),
	(50, 'Nostromo', 'nostromo', 'nostromo.jpg', 2.00, NULL, 1, '', '', '2023-05-31 13:09:14', '2023-05-31 13:09:14'),
	(51, 'Great Expectations', 'great-expectations', 'great-expectations.jpg', 9.00, NULL, 1, '', '', '2023-05-31 13:09:14', '2023-05-31 13:09:14'),
	(52, 'Jacques the Fatalist', 'jacques-the-fatalist', 'jacques-the-fatalist.jpg', 7.00, NULL, 1, '', '', '2023-05-31 13:09:14', '2023-05-31 13:09:14'),
	(53, 'Berlin Alexanderplatz', 'berlin-alexanderplatz', 'berlin-alexanderplatz.jpg', 2.00, NULL, 1, '', '', '2023-05-31 13:09:14', '2023-05-31 13:09:14'),
	(54, 'Crime and Punishment', 'crime-and-punishment', 'crime-and-punishment.jpg', 5.10, NULL, 1, '', '', '2023-05-31 13:09:14', '2023-05-31 13:09:14'),
	(55, 'The Idiot', 'the-idiot', 'the-idiot.jpg', 7.00, NULL, 1, '', '', '2023-05-31 13:09:14', '2023-05-31 13:09:14'),
	(56, 'The Possessed', 'the-possessed', 'the-possessed.jpg', 3.05, NULL, 1, '', '', '2023-05-31 13:09:14', '2023-05-31 13:09:14'),
	(57, 'The Brothers Karamazov', 'the-brothers-karamazov', 'the-brothers-karamazov.jpg', 7.00, NULL, 1, '', '', '2023-05-31 13:09:14', '2023-05-31 13:09:14'),
	(58, 'Middlemarch', 'middlemarch', 'middlemarch.jpg', 3.05, NULL, 1, '', '', '2023-05-31 13:09:14', '2023-05-31 13:09:14'),
	(59, 'Invisible Man', 'invisible-man', 'invisible-man.jpg', 9.00, NULL, 1, '', '', '2023-05-31 13:09:14', '2023-05-31 13:09:14'),
	(60, 'Medea', 'medea', 'medea.jpg', 3.05, NULL, 1, '', '', '2023-05-31 13:09:14', '2023-05-31 13:09:14'),
	(61, 'Absalom, Absalom!', 'absalom-absalom', 'absalom-absalom.jpg', 8.10, NULL, 1, '', '', '2023-05-31 13:09:14', '2023-05-31 13:09:14'),
	(62, 'The Sound and the Fury', 'the-sound-and-the-fury', 'the-sound-and-the-fury.jpg', 6.00, NULL, 1, '', '', '2023-05-31 13:09:14', '2023-05-31 13:09:14'),
	(63, 'Madame Bovary', 'madame-bovary', 'madame-bovary.jpg', 6.00, NULL, 1, '', '', '2023-05-31 13:09:14', '2023-05-31 13:09:14'),
	(64, 'Sentimental Education', 'sentimental-education', 'l-education-sentimentale.jpg', 3.05, NULL, 1, '', '', '2023-05-31 13:09:14', '2023-05-31 13:09:14'),
	(65, 'Gypsy Ballads', 'gypsy-ballads', 'gypsy-ballads.jpg', 6.00, NULL, 1, '', '', '2023-05-31 13:09:14', '2023-05-31 13:09:14'),
	(66, 'One Hundred Years of Solitude', 'one-hundred-years-of-solitude', 'one-hundred-years-of-solitude.jpg', 5.10, NULL, 1, '', '', '2023-05-31 13:09:14', '2023-05-31 13:09:14'),
	(67, 'Love in the Time of Cholera', 'love-in-the-time-of-cholera', 'love-in-the-time-of-cholera.jpg', 2.00, NULL, 1, '', '', '2023-05-31 13:09:14', '2023-05-31 13:09:14'),
	(68, 'Faust', 'faust', 'faust.jpg', 7.00, NULL, 1, '', '', '2023-05-31 13:09:14', '2023-05-31 13:09:14'),
	(69, 'Dead Souls', 'dead-souls', 'dead-souls.jpg', 1.00, NULL, 1, '', '', '2023-05-31 13:09:14', '2023-05-31 13:09:14'),
	(70, 'The Tin Drum', 'the-tin-drum', 'the-tin-drum.jpg', 9.00, NULL, 1, '', '', '2023-05-31 13:09:14', '2023-05-31 13:09:14'),
	(71, 'The Devil to Pay in the Backlands', 'the-devil-to-pay-in-the-backlands', 'the-devil-to-pay-in-the-backlands.jpg', 6.00, NULL, 1, '', '', '2023-05-31 13:09:14', '2023-05-31 13:09:14'),
	(72, 'Hunger', 'hunger', 'hunger.jpg', 9.00, NULL, 1, '', '', '2023-05-31 13:09:14', '2023-05-31 13:09:14'),
	(73, 'The Old Man and the Sea', 'the-old-man-and-the-sea', 'the-old-man-and-the-sea.jpg', 7.00, NULL, 1, '', '', '2023-05-31 13:09:14', '2023-05-31 13:09:14'),
	(74, 'Iliad', 'iliad', 'the-iliad-of-homer.jpg', 3.05, NULL, 1, '', '', '2023-05-31 13:09:14', '2023-05-31 13:09:14'),
	(75, 'Odyssey', 'odyssey', 'the-odyssey-of-homer.jpg', 8.10, NULL, 1, '', '', '2023-05-31 13:09:14', '2023-05-31 13:09:14'),
	(76, 'A Doll\'s House', 'a-dolls-house', 'a-Dolls-house.jpg', 1.00, NULL, 1, '', '', '2023-05-31 13:09:14', '2023-05-31 13:09:14'),
	(77, 'Ulysses', 'ulysses', 'ulysses.jpg', 8.10, NULL, 1, '', '', '2023-05-31 13:09:14', '2023-05-31 13:09:14'),
	(78, 'Stories 2', 'stories-2', 'stories-of-franz-kafka.jpg', 5.10, NULL, 1, '', '', '2023-05-31 13:09:14', '2023-05-31 13:09:14'),
	(79, 'The Trial', 'the-trial', 'the-trial.jpg', 2.00, NULL, 1, '', '', '2023-05-31 13:09:14', '2023-05-31 13:09:14'),
	(80, 'The Castle', 'the-castle', 'the-castle.jpg', 7.00, NULL, 1, '', '', '2023-05-31 13:09:14', '2023-05-31 13:09:14'),
	(81, 'The recognition of Shakuntala', 'the-recognition-of-shakuntala', 'the-recognition-of-shakuntala.jpg', 8.10, NULL, 1, '', '', '2023-05-31 13:09:14', '2023-05-31 13:09:14'),
	(82, 'The Sound of the Mountain', 'the-sound-of-the-mountain', 'the-sound-of-the-mountain.jpg', 2.00, NULL, 1, '', '', '2023-05-31 13:09:14', '2023-05-31 13:09:14'),
	(83, 'Zorba the Greek', 'zorba-the-greek', 'zorba-the-greek.jpg', 7.00, NULL, 1, '', '', '2023-05-31 13:09:14', '2023-05-31 13:09:14'),
	(84, 'Sons and Lovers', 'sons-and-lovers', 'sons-and-lovers.jpg', 3.05, NULL, 1, '', '', '2023-05-31 13:09:14', '2023-05-31 13:09:14'),
	(85, 'Independent People', 'independent-people', 'independent-people.jpg', 8.10, NULL, 1, '', '', '2023-05-31 13:09:14', '2023-05-31 13:09:14'),
	(86, 'Poems', 'poems', 'poems-giacomo-leopardi.jpg', 1.00, NULL, 1, '', '', '2023-05-31 13:09:14', '2023-05-31 13:09:14'),
	(87, 'The Golden Notebook', 'the-golden-notebook', 'the-golden-notebook.jpg', 7.00, NULL, 1, '', '', '2023-05-31 13:09:14', '2023-05-31 13:09:14'),
	(88, 'Pippi Longstocking', 'pippi-longstocking', 'pippi-longstocking.jpg', 7.00, NULL, 1, '', '', '2023-05-31 13:09:14', '2023-05-31 13:09:14'),
	(89, 'Diary of a Madman', 'diary-of-a-madman', 'diary-of-a-madman.jpg', 5.10, NULL, 1, '', '', '2023-05-31 13:09:14', '2023-05-31 13:09:14'),
	(90, 'Children of Gebelawi', 'children-of-gebelawi', 'children-of-gebelawi.jpg', 2.00, NULL, 1, '', '', '2023-05-31 13:09:14', '2023-05-31 13:09:14'),
	(91, 'Buddenbrooks', 'buddenbrooks', 'buddenbrooks.jpg', 6.00, NULL, 1, '', '', '2023-05-31 13:09:14', '2023-05-31 13:09:14'),
	(92, 'The Magic Mountain', 'the-magic-mountain', 'the-magic-mountain.jpg', 8.10, NULL, 1, '', '', '2023-05-31 13:09:14', '2023-05-31 13:09:14'),
	(93, 'Moby Dick', 'moby-dick', 'moby-dick.jpg', 8.10, NULL, 1, '', '', '2023-05-31 13:09:14', '2023-05-31 13:09:14'),
	(94, 'Essays', 'essays', 'essais.jpg', 9.00, NULL, 1, '', '', '2023-05-31 13:09:14', '2023-05-31 13:09:14'),
	(95, 'History', 'history', 'history.jpg', 9.00, NULL, 1, '', '', '2023-05-31 13:09:14', '2023-05-31 13:09:14'),
	(96, 'Beloved', 'beloved', 'beloved.jpg', 6.00, NULL, 1, '', '', '2023-05-31 13:09:14', '2023-05-31 13:09:14'),
	(97, 'The Tale of Genji', 'the-tale-of-genji', 'the-tale-of-genji.jpg', 5.10, NULL, 1, '', '', '2023-05-31 13:09:15', '2023-05-31 13:09:15'),
	(98, 'The Man Without Qualities', 'the-man-without-qualities', 'the-man-without-qualities.jpg', 2.00, NULL, 1, '', '', '2023-05-31 13:09:15', '2023-05-31 13:09:15'),
	(99, 'Lolita', 'lolita', 'lolita.jpg', 2.00, NULL, 1, '', '', '2023-05-31 13:09:15', '2023-05-31 13:09:15'),
	(100, 'Nineteen Eighty-Four', 'nineteen-eighty-four', 'nineteen-eighty-four.jpg', 5.10, NULL, 1, '', '', '2023-05-31 13:09:15', '2023-05-31 13:09:15'),
	(101, 'Metamorphoses', 'metamorphoses', 'the-metamorphoses-of-ovid.jpg', 3.05, NULL, 1, '', '', '2023-05-31 13:09:15', '2023-05-31 13:09:15'),
	(102, 'The Book of Disquiet', 'the-book-of-disquiet', 'the-book-of-disquiet.jpg', 3.05, NULL, 1, '', '', '2023-05-31 13:09:15', '2023-05-31 13:09:15'),
	(103, 'Tales', 'tales', 'tales-and-poems-of-edgar-allan-poe.jpg', 6.00, NULL, 1, '', '', '2023-05-31 13:09:15', '2023-05-31 13:09:15'),
	(104, 'In Search of Lost Time', 'in-search-of-lost-time', 'a-la-recherche-du-temps-perdu.jpg', 3.05, NULL, 1, '', '', '2023-05-31 13:09:15', '2023-05-31 13:09:15'),
	(105, 'Gargantua and Pantagruel', 'gargantua-and-pantagruel', 'gargantua-and-pantagruel.jpg', 7.00, NULL, 1, '', '', '2023-05-31 13:09:15', '2023-05-31 13:09:15'),
	(106, 'Pedro Páramo', 'pedro-paramo', 'pedro-paramo.jpg', 3.05, NULL, 1, '', '', '2023-05-31 13:09:15', '2023-05-31 13:09:15'),
	(107, 'The Masnavi', 'the-masnavi', 'the-masnavi.jpg', 1.00, NULL, 1, '', '', '2023-05-31 13:09:15', '2023-05-31 13:09:15'),
	(108, 'Midnight\'s Children', 'midnights-children', 'midnights-children.jpg', 8.10, NULL, 1, '', '', '2023-05-31 13:09:15', '2023-05-31 13:09:15'),
	(109, 'Bostan', 'bostan', 'bostan.jpg', 3.05, NULL, 1, '', '', '2023-05-31 13:09:15', '2023-05-31 13:09:15'),
	(110, 'Season of Migration to the North', 'season-of-migration-to-the-north', 'season-of-migration-to-the-north.jpg', 5.10, NULL, 1, '', '', '2023-05-31 13:09:15', '2023-05-31 13:09:15'),
	(111, 'Blindness', 'blindness', 'blindness.jpg', 2.00, NULL, 1, '', '', '2023-05-31 13:09:15', '2023-05-31 13:09:15'),
	(112, 'Hamlet', 'hamlet', 'hamlet.jpg', 3.05, NULL, 1, '', '', '2023-05-31 13:09:15', '2023-05-31 13:09:15'),
	(113, 'King Lear', 'king-lear', 'king-lear.jpg', 1.00, NULL, 1, '', '', '2023-05-31 13:09:15', '2023-05-31 13:09:15'),
	(114, 'Othello', 'othello', 'othello.jpg', 2.00, NULL, 1, '', '', '2023-05-31 13:09:15', '2023-05-31 13:09:15'),
	(115, 'Oedipus the King', 'oedipus-the-king', 'oedipus-the-king.jpg', 5.10, NULL, 1, '', '', '2023-05-31 13:09:15', '2023-05-31 13:09:15'),
	(116, 'The Red and the Black', 'the-red-and-the-black', 'le-rouge-et-le-noir.jpg', 7.00, NULL, 1, '', '', '2023-05-31 13:09:15', '2023-05-31 13:09:15'),
	(117, 'The Life And Opinions of Tristram Shandy', 'the-life-and-opinions-of-tristram-shandy', 'the-life-and-opinions-of-tristram-shandy.jpg', 7.00, NULL, 1, '', '', '2023-05-31 13:09:15', '2023-05-31 13:09:15'),
	(118, 'Confessions of Zeno', 'confessions-of-zeno', 'confessions-of-zeno.jpg', 9.00, NULL, 1, '', '', '2023-05-31 13:09:15', '2023-05-31 13:09:15'),
	(119, 'Gulliver\'s Travels', 'gullivers-travels', 'gullivers-travels.jpg', 8.10, NULL, 1, '', '', '2023-05-31 13:09:15', '2023-05-31 13:09:15'),
	(120, 'War and Peace', 'war-and-peace', 'war-and-peace.jpg', 5.10, NULL, 1, '', '', '2023-05-31 13:09:15', '2023-05-31 13:09:15'),
	(121, 'Anna Karenina', 'anna-karenina', 'anna-karenina.jpg', 8.10, NULL, 1, '', '', '2023-05-31 13:09:15', '2023-05-31 13:09:15'),
	(122, 'The Death of Ivan Ilyich', 'the-death-of-ivan-ilyich', 'the-death-of-ivan-ilyich.jpg', 7.00, NULL, 1, '', '', '2023-05-31 13:09:15', '2023-05-31 13:09:15'),
	(123, 'The Adventures of Huckleberry Finn', 'the-adventures-of-huckleberry-finn', 'the-adventures-of-huckleberry-finn.jpg', 8.10, NULL, 1, '', '', '2023-05-31 13:09:15', '2023-05-31 13:09:15'),
	(124, 'Ramayana', 'ramayana', 'ramayana.jpg', 3.05, NULL, 1, '', '', '2023-05-31 13:09:15', '2023-05-31 13:09:15'),
	(125, 'The Aeneid', 'the-aeneid', 'the-aeneid.jpg', 7.00, NULL, 1, '', '', '2023-05-31 13:09:15', '2023-05-31 13:09:15'),
	(126, 'Mahabharata', 'mahabharata', 'the-mahab-harata.jpg', 1.00, NULL, 1, '', '', '2023-05-31 13:09:15', '2023-05-31 13:09:15'),
	(127, 'Leaves of Grass', 'leaves-of-grass', 'leaves-of-grass.jpg', 7.00, NULL, 1, '', '', '2023-05-31 13:09:15', '2023-05-31 13:09:15'),
	(128, 'Mrs Dalloway', 'mrs-dalloway', 'mrs-dalloway.jpg', 6.00, NULL, 1, '', '', '2023-05-31 13:09:15', '2023-05-31 13:09:15'),
	(129, 'To the Lighthouse', 'to-the-lighthouse', 'to-the-lighthouse.jpg', 2.00, NULL, 1, '', '', '2023-05-31 13:09:15', '2023-05-31 13:09:15'),
	(130, 'Memoirs of Hadrian', 'memoirs-of-hadrian', 'memoirs-of-hadrian.jpg', 1.00, NULL, 1, '', '', '2023-05-31 13:09:15', '2023-05-31 13:09:15');

-- Дамп структуры для таблица homestead.book_category
CREATE TABLE IF NOT EXISTS `book_category` (
  `id` bigint unsigned NOT NULL AUTO_INCREMENT,
  `book_id` bigint unsigned NOT NULL,
  `category_id` bigint unsigned NOT NULL,
  `created_at` timestamp NULL DEFAULT NULL,
  `updated_at` timestamp NULL DEFAULT NULL,
  PRIMARY KEY (`id`),
  KEY `book_category_book_id_index` (`book_id`),
  KEY `book_category_category_id_index` (`category_id`),
  CONSTRAINT `book_category_book_id_foreign` FOREIGN KEY (`book_id`) REFERENCES `books` (`id`),
  CONSTRAINT `book_category_category_id_foreign` FOREIGN KEY (`category_id`) REFERENCES `categories` (`id`)
) ENGINE=InnoDB DEFAULT CHARSET=utf8mb4 COLLATE=utf8mb4_unicode_ci;

-- Дамп данных таблицы homestead.book_category: ~415 rows (приблизительно)
INSERT INTO `book_category` (`id`, `book_id`, `category_id`, `created_at`, `updated_at`) VALUES
	(1, 1, 1, '2023-05-31 13:08:58', '2023-05-31 13:08:58'),
	(2, 2, 1, '2023-05-31 13:08:58', '2023-05-31 13:08:58'),
	(3, 3, 1, '2023-05-31 13:08:58', '2023-05-31 13:08:58'),
	(4, 4, 1, '2023-05-31 13:08:58', '2023-05-31 13:08:58'),
	(5, 5, 1, '2023-05-31 13:08:58', '2023-05-31 13:08:58'),
	(6, 6, 1, '2023-05-31 13:08:58', '2023-05-31 13:08:58'),
	(7, 7, 1, '2023-05-31 13:08:58', '2023-05-31 13:08:58'),
	(8, 8, 1, '2023-05-31 13:08:58', '2023-05-31 13:08:58'),
	(9, 9, 1, '2023-05-31 13:08:58', '2023-05-31 13:08:58'),
	(10, 10, 1, '2023-05-31 13:08:58', '2023-05-31 13:08:58'),
	(11, 11, 1, '2023-05-31 13:08:58', '2023-05-31 13:08:58'),
	(12, 12, 1, '2023-05-31 13:08:58', '2023-05-31 13:08:58'),
	(13, 13, 1, '2023-05-31 13:08:58', '2023-05-31 13:08:58'),
	(14, 14, 1, '2023-05-31 13:08:58', '2023-05-31 13:08:58'),
	(15, 15, 1, '2023-05-31 13:08:58', '2023-05-31 13:08:58'),
	(16, 31, 1, '2023-05-31 13:09:13', '2023-05-31 13:09:13'),
	(17, 31, 2, '2023-05-31 13:09:13', '2023-05-31 13:09:13'),
	(18, 31, 5, '2023-05-31 13:09:13', '2023-05-31 13:09:13'),
	(19, 31, 6, '2023-05-31 13:09:13', '2023-05-31 13:09:13'),
	(20, 32, 1, '2023-05-31 13:09:13', '2023-05-31 13:09:13'),
	(21, 32, 2, '2023-05-31 13:09:13', '2023-05-31 13:09:13'),
	(22, 32, 5, '2023-05-31 13:09:13', '2023-05-31 13:09:13'),
	(23, 32, 6, '2023-05-31 13:09:13', '2023-05-31 13:09:13'),
	(24, 33, 1, '2023-05-31 13:09:13', '2023-05-31 13:09:13'),
	(25, 33, 2, '2023-05-31 13:09:13', '2023-05-31 13:09:13'),
	(26, 33, 5, '2023-05-31 13:09:13', '2023-05-31 13:09:13'),
	(27, 33, 6, '2023-05-31 13:09:13', '2023-05-31 13:09:13'),
	(28, 34, 1, '2023-05-31 13:09:13', '2023-05-31 13:09:13'),
	(29, 34, 2, '2023-05-31 13:09:13', '2023-05-31 13:09:13'),
	(30, 34, 5, '2023-05-31 13:09:13', '2023-05-31 13:09:13'),
	(31, 34, 6, '2023-05-31 13:09:13', '2023-05-31 13:09:13'),
	(32, 35, 1, '2023-05-31 13:09:13', '2023-05-31 13:09:13'),
	(33, 35, 2, '2023-05-31 13:09:13', '2023-05-31 13:09:13'),
	(34, 35, 5, '2023-05-31 13:09:13', '2023-05-31 13:09:13'),
	(35, 35, 6, '2023-05-31 13:09:13', '2023-05-31 13:09:13'),
	(36, 36, 1, '2023-05-31 13:09:13', '2023-05-31 13:09:13'),
	(37, 36, 2, '2023-05-31 13:09:13', '2023-05-31 13:09:13'),
	(38, 36, 5, '2023-05-31 13:09:13', '2023-05-31 13:09:13'),
	(39, 36, 6, '2023-05-31 13:09:13', '2023-05-31 13:09:13'),
	(40, 37, 1, '2023-05-31 13:09:14', '2023-05-31 13:09:14'),
	(41, 37, 2, '2023-05-31 13:09:14', '2023-05-31 13:09:14'),
	(42, 37, 5, '2023-05-31 13:09:14', '2023-05-31 13:09:14'),
	(43, 37, 6, '2023-05-31 13:09:14', '2023-05-31 13:09:14'),
	(44, 38, 1, '2023-05-31 13:09:14', '2023-05-31 13:09:14'),
	(45, 38, 2, '2023-05-31 13:09:14', '2023-05-31 13:09:14'),
	(46, 38, 5, '2023-05-31 13:09:14', '2023-05-31 13:09:14'),
	(47, 38, 6, '2023-05-31 13:09:14', '2023-05-31 13:09:14'),
	(48, 39, 1, '2023-05-31 13:09:14', '2023-05-31 13:09:14'),
	(49, 39, 2, '2023-05-31 13:09:14', '2023-05-31 13:09:14'),
	(50, 39, 5, '2023-05-31 13:09:14', '2023-05-31 13:09:14'),
	(51, 39, 6, '2023-05-31 13:09:14', '2023-05-31 13:09:14'),
	(52, 40, 1, '2023-05-31 13:09:14', '2023-05-31 13:09:14'),
	(53, 40, 2, '2023-05-31 13:09:14', '2023-05-31 13:09:14'),
	(54, 40, 5, '2023-05-31 13:09:14', '2023-05-31 13:09:14'),
	(55, 40, 6, '2023-05-31 13:09:14', '2023-05-31 13:09:14'),
	(56, 41, 1, '2023-05-31 13:09:14', '2023-05-31 13:09:14'),
	(57, 41, 2, '2023-05-31 13:09:14', '2023-05-31 13:09:14'),
	(58, 41, 5, '2023-05-31 13:09:14', '2023-05-31 13:09:14'),
	(59, 41, 6, '2023-05-31 13:09:14', '2023-05-31 13:09:14'),
	(60, 42, 1, '2023-05-31 13:09:14', '2023-05-31 13:09:14'),
	(61, 42, 2, '2023-05-31 13:09:14', '2023-05-31 13:09:14'),
	(62, 42, 5, '2023-05-31 13:09:14', '2023-05-31 13:09:14'),
	(63, 42, 6, '2023-05-31 13:09:14', '2023-05-31 13:09:14'),
	(64, 43, 1, '2023-05-31 13:09:14', '2023-05-31 13:09:14'),
	(65, 43, 2, '2023-05-31 13:09:14', '2023-05-31 13:09:14'),
	(66, 43, 5, '2023-05-31 13:09:14', '2023-05-31 13:09:14'),
	(67, 43, 6, '2023-05-31 13:09:14', '2023-05-31 13:09:14'),
	(68, 44, 1, '2023-05-31 13:09:14', '2023-05-31 13:09:14'),
	(69, 44, 2, '2023-05-31 13:09:14', '2023-05-31 13:09:14'),
	(70, 44, 5, '2023-05-31 13:09:14', '2023-05-31 13:09:14'),
	(71, 44, 6, '2023-05-31 13:09:14', '2023-05-31 13:09:14'),
	(72, 45, 1, '2023-05-31 13:09:14', '2023-05-31 13:09:14'),
	(73, 45, 2, '2023-05-31 13:09:14', '2023-05-31 13:09:14'),
	(74, 45, 5, '2023-05-31 13:09:14', '2023-05-31 13:09:14'),
	(75, 45, 6, '2023-05-31 13:09:14', '2023-05-31 13:09:14'),
	(76, 46, 1, '2023-05-31 13:09:14', '2023-05-31 13:09:14'),
	(77, 46, 2, '2023-05-31 13:09:14', '2023-05-31 13:09:14'),
	(78, 46, 5, '2023-05-31 13:09:14', '2023-05-31 13:09:14'),
	(79, 46, 6, '2023-05-31 13:09:14', '2023-05-31 13:09:14'),
	(80, 47, 1, '2023-05-31 13:09:14', '2023-05-31 13:09:14'),
	(81, 47, 2, '2023-05-31 13:09:14', '2023-05-31 13:09:14'),
	(82, 47, 5, '2023-05-31 13:09:14', '2023-05-31 13:09:14'),
	(83, 47, 6, '2023-05-31 13:09:14', '2023-05-31 13:09:14'),
	(84, 48, 1, '2023-05-31 13:09:14', '2023-05-31 13:09:14'),
	(85, 48, 2, '2023-05-31 13:09:14', '2023-05-31 13:09:14'),
	(86, 48, 5, '2023-05-31 13:09:14', '2023-05-31 13:09:14'),
	(87, 48, 6, '2023-05-31 13:09:14', '2023-05-31 13:09:14'),
	(88, 49, 1, '2023-05-31 13:09:14', '2023-05-31 13:09:14'),
	(89, 49, 2, '2023-05-31 13:09:14', '2023-05-31 13:09:14'),
	(90, 49, 5, '2023-05-31 13:09:14', '2023-05-31 13:09:14'),
	(91, 49, 6, '2023-05-31 13:09:14', '2023-05-31 13:09:14'),
	(92, 50, 1, '2023-05-31 13:09:14', '2023-05-31 13:09:14'),
	(93, 50, 2, '2023-05-31 13:09:14', '2023-05-31 13:09:14'),
	(94, 50, 5, '2023-05-31 13:09:14', '2023-05-31 13:09:14'),
	(95, 50, 6, '2023-05-31 13:09:14', '2023-05-31 13:09:14'),
	(96, 51, 1, '2023-05-31 13:09:14', '2023-05-31 13:09:14'),
	(97, 51, 2, '2023-05-31 13:09:14', '2023-05-31 13:09:14'),
	(98, 51, 5, '2023-05-31 13:09:14', '2023-05-31 13:09:14'),
	(99, 51, 6, '2023-05-31 13:09:14', '2023-05-31 13:09:14'),
	(100, 52, 1, '2023-05-31 13:09:14', '2023-05-31 13:09:14'),
	(101, 52, 2, '2023-05-31 13:09:14', '2023-05-31 13:09:14'),
	(102, 52, 5, '2023-05-31 13:09:14', '2023-05-31 13:09:14'),
	(103, 52, 6, '2023-05-31 13:09:14', '2023-05-31 13:09:14'),
	(104, 53, 1, '2023-05-31 13:09:14', '2023-05-31 13:09:14'),
	(105, 53, 2, '2023-05-31 13:09:14', '2023-05-31 13:09:14'),
	(106, 53, 5, '2023-05-31 13:09:14', '2023-05-31 13:09:14'),
	(107, 53, 6, '2023-05-31 13:09:14', '2023-05-31 13:09:14'),
	(108, 54, 1, '2023-05-31 13:09:14', '2023-05-31 13:09:14'),
	(109, 54, 2, '2023-05-31 13:09:14', '2023-05-31 13:09:14'),
	(110, 54, 5, '2023-05-31 13:09:14', '2023-05-31 13:09:14'),
	(111, 54, 6, '2023-05-31 13:09:14', '2023-05-31 13:09:14'),
	(112, 55, 1, '2023-05-31 13:09:14', '2023-05-31 13:09:14'),
	(113, 55, 2, '2023-05-31 13:09:14', '2023-05-31 13:09:14'),
	(114, 55, 5, '2023-05-31 13:09:14', '2023-05-31 13:09:14'),
	(115, 55, 6, '2023-05-31 13:09:14', '2023-05-31 13:09:14'),
	(116, 56, 1, '2023-05-31 13:09:14', '2023-05-31 13:09:14'),
	(117, 56, 2, '2023-05-31 13:09:14', '2023-05-31 13:09:14'),
	(118, 56, 5, '2023-05-31 13:09:14', '2023-05-31 13:09:14'),
	(119, 56, 6, '2023-05-31 13:09:14', '2023-05-31 13:09:14'),
	(120, 57, 1, '2023-05-31 13:09:14', '2023-05-31 13:09:14'),
	(121, 57, 2, '2023-05-31 13:09:14', '2023-05-31 13:09:14'),
	(122, 57, 5, '2023-05-31 13:09:14', '2023-05-31 13:09:14'),
	(123, 57, 6, '2023-05-31 13:09:14', '2023-05-31 13:09:14'),
	(124, 58, 1, '2023-05-31 13:09:14', '2023-05-31 13:09:14'),
	(125, 58, 2, '2023-05-31 13:09:14', '2023-05-31 13:09:14'),
	(126, 58, 5, '2023-05-31 13:09:14', '2023-05-31 13:09:14'),
	(127, 58, 6, '2023-05-31 13:09:14', '2023-05-31 13:09:14'),
	(128, 59, 1, '2023-05-31 13:09:14', '2023-05-31 13:09:14'),
	(129, 59, 2, '2023-05-31 13:09:14', '2023-05-31 13:09:14'),
	(130, 59, 5, '2023-05-31 13:09:14', '2023-05-31 13:09:14'),
	(131, 59, 6, '2023-05-31 13:09:14', '2023-05-31 13:09:14'),
	(132, 60, 1, '2023-05-31 13:09:14', '2023-05-31 13:09:14'),
	(133, 60, 2, '2023-05-31 13:09:14', '2023-05-31 13:09:14'),
	(134, 60, 5, '2023-05-31 13:09:14', '2023-05-31 13:09:14'),
	(135, 60, 6, '2023-05-31 13:09:14', '2023-05-31 13:09:14'),
	(136, 61, 1, '2023-05-31 13:09:14', '2023-05-31 13:09:14'),
	(137, 61, 2, '2023-05-31 13:09:14', '2023-05-31 13:09:14'),
	(138, 61, 5, '2023-05-31 13:09:14', '2023-05-31 13:09:14'),
	(139, 61, 6, '2023-05-31 13:09:14', '2023-05-31 13:09:14'),
	(140, 62, 1, '2023-05-31 13:09:14', '2023-05-31 13:09:14'),
	(141, 62, 2, '2023-05-31 13:09:14', '2023-05-31 13:09:14'),
	(142, 62, 5, '2023-05-31 13:09:14', '2023-05-31 13:09:14'),
	(143, 62, 6, '2023-05-31 13:09:14', '2023-05-31 13:09:14'),
	(144, 63, 1, '2023-05-31 13:09:14', '2023-05-31 13:09:14'),
	(145, 63, 2, '2023-05-31 13:09:14', '2023-05-31 13:09:14'),
	(146, 63, 5, '2023-05-31 13:09:14', '2023-05-31 13:09:14'),
	(147, 63, 6, '2023-05-31 13:09:14', '2023-05-31 13:09:14'),
	(148, 64, 1, '2023-05-31 13:09:14', '2023-05-31 13:09:14'),
	(149, 64, 2, '2023-05-31 13:09:14', '2023-05-31 13:09:14'),
	(150, 64, 5, '2023-05-31 13:09:14', '2023-05-31 13:09:14'),
	(151, 64, 6, '2023-05-31 13:09:14', '2023-05-31 13:09:14'),
	(152, 65, 1, '2023-05-31 13:09:14', '2023-05-31 13:09:14'),
	(153, 65, 2, '2023-05-31 13:09:14', '2023-05-31 13:09:14'),
	(154, 65, 5, '2023-05-31 13:09:14', '2023-05-31 13:09:14'),
	(155, 65, 6, '2023-05-31 13:09:14', '2023-05-31 13:09:14'),
	(156, 66, 1, '2023-05-31 13:09:14', '2023-05-31 13:09:14'),
	(157, 66, 2, '2023-05-31 13:09:14', '2023-05-31 13:09:14'),
	(158, 66, 5, '2023-05-31 13:09:14', '2023-05-31 13:09:14'),
	(159, 66, 6, '2023-05-31 13:09:14', '2023-05-31 13:09:14'),
	(160, 67, 1, '2023-05-31 13:09:14', '2023-05-31 13:09:14'),
	(161, 67, 2, '2023-05-31 13:09:14', '2023-05-31 13:09:14'),
	(162, 67, 5, '2023-05-31 13:09:14', '2023-05-31 13:09:14'),
	(163, 67, 6, '2023-05-31 13:09:14', '2023-05-31 13:09:14'),
	(164, 68, 1, '2023-05-31 13:09:14', '2023-05-31 13:09:14'),
	(165, 68, 2, '2023-05-31 13:09:14', '2023-05-31 13:09:14'),
	(166, 68, 5, '2023-05-31 13:09:14', '2023-05-31 13:09:14'),
	(167, 68, 6, '2023-05-31 13:09:14', '2023-05-31 13:09:14'),
	(168, 69, 1, '2023-05-31 13:09:14', '2023-05-31 13:09:14'),
	(169, 69, 2, '2023-05-31 13:09:14', '2023-05-31 13:09:14'),
	(170, 69, 5, '2023-05-31 13:09:14', '2023-05-31 13:09:14'),
	(171, 69, 6, '2023-05-31 13:09:14', '2023-05-31 13:09:14'),
	(172, 70, 1, '2023-05-31 13:09:14', '2023-05-31 13:09:14'),
	(173, 70, 2, '2023-05-31 13:09:14', '2023-05-31 13:09:14'),
	(174, 70, 5, '2023-05-31 13:09:14', '2023-05-31 13:09:14'),
	(175, 70, 6, '2023-05-31 13:09:14', '2023-05-31 13:09:14'),
	(176, 71, 1, '2023-05-31 13:09:14', '2023-05-31 13:09:14'),
	(177, 71, 2, '2023-05-31 13:09:14', '2023-05-31 13:09:14'),
	(178, 71, 5, '2023-05-31 13:09:14', '2023-05-31 13:09:14'),
	(179, 71, 6, '2023-05-31 13:09:14', '2023-05-31 13:09:14'),
	(180, 72, 1, '2023-05-31 13:09:14', '2023-05-31 13:09:14'),
	(181, 72, 2, '2023-05-31 13:09:14', '2023-05-31 13:09:14'),
	(182, 72, 5, '2023-05-31 13:09:14', '2023-05-31 13:09:14'),
	(183, 72, 6, '2023-05-31 13:09:14', '2023-05-31 13:09:14'),
	(184, 73, 1, '2023-05-31 13:09:14', '2023-05-31 13:09:14'),
	(185, 73, 2, '2023-05-31 13:09:14', '2023-05-31 13:09:14'),
	(186, 73, 5, '2023-05-31 13:09:14', '2023-05-31 13:09:14'),
	(187, 73, 6, '2023-05-31 13:09:14', '2023-05-31 13:09:14'),
	(188, 74, 1, '2023-05-31 13:09:14', '2023-05-31 13:09:14'),
	(189, 74, 2, '2023-05-31 13:09:14', '2023-05-31 13:09:14'),
	(190, 74, 5, '2023-05-31 13:09:14', '2023-05-31 13:09:14'),
	(191, 74, 6, '2023-05-31 13:09:14', '2023-05-31 13:09:14'),
	(192, 75, 1, '2023-05-31 13:09:14', '2023-05-31 13:09:14'),
	(193, 75, 2, '2023-05-31 13:09:14', '2023-05-31 13:09:14'),
	(194, 75, 5, '2023-05-31 13:09:14', '2023-05-31 13:09:14'),
	(195, 75, 6, '2023-05-31 13:09:14', '2023-05-31 13:09:14'),
	(196, 76, 1, '2023-05-31 13:09:14', '2023-05-31 13:09:14'),
	(197, 76, 2, '2023-05-31 13:09:14', '2023-05-31 13:09:14'),
	(198, 76, 5, '2023-05-31 13:09:14', '2023-05-31 13:09:14'),
	(199, 76, 6, '2023-05-31 13:09:14', '2023-05-31 13:09:14'),
	(200, 77, 1, '2023-05-31 13:09:14', '2023-05-31 13:09:14'),
	(201, 77, 2, '2023-05-31 13:09:14', '2023-05-31 13:09:14'),
	(202, 77, 5, '2023-05-31 13:09:14', '2023-05-31 13:09:14'),
	(203, 77, 6, '2023-05-31 13:09:14', '2023-05-31 13:09:14'),
	(204, 78, 1, '2023-05-31 13:09:14', '2023-05-31 13:09:14'),
	(205, 78, 2, '2023-05-31 13:09:14', '2023-05-31 13:09:14'),
	(206, 78, 5, '2023-05-31 13:09:14', '2023-05-31 13:09:14'),
	(207, 78, 6, '2023-05-31 13:09:14', '2023-05-31 13:09:14'),
	(208, 79, 1, '2023-05-31 13:09:14', '2023-05-31 13:09:14'),
	(209, 79, 2, '2023-05-31 13:09:14', '2023-05-31 13:09:14'),
	(210, 79, 5, '2023-05-31 13:09:14', '2023-05-31 13:09:14'),
	(211, 79, 6, '2023-05-31 13:09:14', '2023-05-31 13:09:14'),
	(212, 80, 1, '2023-05-31 13:09:14', '2023-05-31 13:09:14'),
	(213, 80, 2, '2023-05-31 13:09:14', '2023-05-31 13:09:14'),
	(214, 80, 5, '2023-05-31 13:09:14', '2023-05-31 13:09:14'),
	(215, 80, 6, '2023-05-31 13:09:14', '2023-05-31 13:09:14'),
	(216, 81, 1, '2023-05-31 13:09:14', '2023-05-31 13:09:14'),
	(217, 81, 2, '2023-05-31 13:09:14', '2023-05-31 13:09:14'),
	(218, 81, 5, '2023-05-31 13:09:14', '2023-05-31 13:09:14'),
	(219, 81, 6, '2023-05-31 13:09:14', '2023-05-31 13:09:14'),
	(220, 82, 1, '2023-05-31 13:09:14', '2023-05-31 13:09:14'),
	(221, 82, 2, '2023-05-31 13:09:14', '2023-05-31 13:09:14'),
	(222, 82, 5, '2023-05-31 13:09:14', '2023-05-31 13:09:14'),
	(223, 82, 6, '2023-05-31 13:09:14', '2023-05-31 13:09:14'),
	(224, 83, 1, '2023-05-31 13:09:14', '2023-05-31 13:09:14'),
	(225, 83, 2, '2023-05-31 13:09:14', '2023-05-31 13:09:14'),
	(226, 83, 5, '2023-05-31 13:09:14', '2023-05-31 13:09:14'),
	(227, 83, 6, '2023-05-31 13:09:14', '2023-05-31 13:09:14'),
	(228, 84, 1, '2023-05-31 13:09:14', '2023-05-31 13:09:14'),
	(229, 84, 2, '2023-05-31 13:09:14', '2023-05-31 13:09:14'),
	(230, 84, 5, '2023-05-31 13:09:14', '2023-05-31 13:09:14'),
	(231, 84, 6, '2023-05-31 13:09:14', '2023-05-31 13:09:14'),
	(232, 85, 1, '2023-05-31 13:09:14', '2023-05-31 13:09:14'),
	(233, 85, 2, '2023-05-31 13:09:14', '2023-05-31 13:09:14'),
	(234, 85, 5, '2023-05-31 13:09:14', '2023-05-31 13:09:14'),
	(235, 85, 6, '2023-05-31 13:09:14', '2023-05-31 13:09:14'),
	(236, 86, 1, '2023-05-31 13:09:14', '2023-05-31 13:09:14'),
	(237, 86, 2, '2023-05-31 13:09:14', '2023-05-31 13:09:14'),
	(238, 86, 5, '2023-05-31 13:09:14', '2023-05-31 13:09:14'),
	(239, 86, 6, '2023-05-31 13:09:14', '2023-05-31 13:09:14'),
	(240, 87, 1, '2023-05-31 13:09:14', '2023-05-31 13:09:14'),
	(241, 87, 2, '2023-05-31 13:09:14', '2023-05-31 13:09:14'),
	(242, 87, 5, '2023-05-31 13:09:14', '2023-05-31 13:09:14'),
	(243, 87, 6, '2023-05-31 13:09:14', '2023-05-31 13:09:14'),
	(244, 88, 1, '2023-05-31 13:09:14', '2023-05-31 13:09:14'),
	(245, 88, 2, '2023-05-31 13:09:14', '2023-05-31 13:09:14'),
	(246, 88, 5, '2023-05-31 13:09:14', '2023-05-31 13:09:14'),
	(247, 88, 6, '2023-05-31 13:09:14', '2023-05-31 13:09:14'),
	(248, 89, 1, '2023-05-31 13:09:14', '2023-05-31 13:09:14'),
	(249, 89, 2, '2023-05-31 13:09:14', '2023-05-31 13:09:14'),
	(250, 89, 5, '2023-05-31 13:09:14', '2023-05-31 13:09:14'),
	(251, 89, 6, '2023-05-31 13:09:14', '2023-05-31 13:09:14'),
	(252, 90, 1, '2023-05-31 13:09:14', '2023-05-31 13:09:14'),
	(253, 90, 2, '2023-05-31 13:09:14', '2023-05-31 13:09:14'),
	(254, 90, 5, '2023-05-31 13:09:14', '2023-05-31 13:09:14'),
	(255, 90, 6, '2023-05-31 13:09:14', '2023-05-31 13:09:14'),
	(256, 91, 1, '2023-05-31 13:09:14', '2023-05-31 13:09:14'),
	(257, 91, 2, '2023-05-31 13:09:14', '2023-05-31 13:09:14'),
	(258, 91, 5, '2023-05-31 13:09:14', '2023-05-31 13:09:14'),
	(259, 91, 6, '2023-05-31 13:09:14', '2023-05-31 13:09:14'),
	(260, 92, 1, '2023-05-31 13:09:14', '2023-05-31 13:09:14'),
	(261, 92, 2, '2023-05-31 13:09:14', '2023-05-31 13:09:14'),
	(262, 92, 5, '2023-05-31 13:09:14', '2023-05-31 13:09:14'),
	(263, 92, 6, '2023-05-31 13:09:14', '2023-05-31 13:09:14'),
	(264, 93, 1, '2023-05-31 13:09:14', '2023-05-31 13:09:14'),
	(265, 93, 2, '2023-05-31 13:09:14', '2023-05-31 13:09:14'),
	(266, 93, 5, '2023-05-31 13:09:14', '2023-05-31 13:09:14'),
	(267, 93, 6, '2023-05-31 13:09:14', '2023-05-31 13:09:14'),
	(268, 94, 1, '2023-05-31 13:09:14', '2023-05-31 13:09:14'),
	(269, 94, 2, '2023-05-31 13:09:14', '2023-05-31 13:09:14'),
	(270, 94, 5, '2023-05-31 13:09:14', '2023-05-31 13:09:14'),
	(271, 94, 6, '2023-05-31 13:09:14', '2023-05-31 13:09:14'),
	(272, 95, 1, '2023-05-31 13:09:14', '2023-05-31 13:09:14'),
	(273, 95, 2, '2023-05-31 13:09:14', '2023-05-31 13:09:14'),
	(274, 95, 5, '2023-05-31 13:09:14', '2023-05-31 13:09:14'),
	(275, 95, 6, '2023-05-31 13:09:14', '2023-05-31 13:09:14'),
	(276, 96, 1, '2023-05-31 13:09:14', '2023-05-31 13:09:14'),
	(277, 96, 2, '2023-05-31 13:09:14', '2023-05-31 13:09:14'),
	(278, 96, 5, '2023-05-31 13:09:14', '2023-05-31 13:09:14'),
	(279, 96, 6, '2023-05-31 13:09:14', '2023-05-31 13:09:14'),
	(280, 97, 1, '2023-05-31 13:09:15', '2023-05-31 13:09:15'),
	(281, 97, 2, '2023-05-31 13:09:15', '2023-05-31 13:09:15'),
	(282, 97, 5, '2023-05-31 13:09:15', '2023-05-31 13:09:15'),
	(283, 97, 6, '2023-05-31 13:09:15', '2023-05-31 13:09:15'),
	(284, 98, 1, '2023-05-31 13:09:15', '2023-05-31 13:09:15'),
	(285, 98, 2, '2023-05-31 13:09:15', '2023-05-31 13:09:15'),
	(286, 98, 5, '2023-05-31 13:09:15', '2023-05-31 13:09:15'),
	(287, 98, 6, '2023-05-31 13:09:15', '2023-05-31 13:09:15'),
	(288, 99, 1, '2023-05-31 13:09:15', '2023-05-31 13:09:15'),
	(289, 99, 2, '2023-05-31 13:09:15', '2023-05-31 13:09:15'),
	(290, 99, 5, '2023-05-31 13:09:15', '2023-05-31 13:09:15'),
	(291, 99, 6, '2023-05-31 13:09:15', '2023-05-31 13:09:15'),
	(292, 100, 1, '2023-05-31 13:09:15', '2023-05-31 13:09:15'),
	(293, 100, 2, '2023-05-31 13:09:15', '2023-05-31 13:09:15'),
	(294, 100, 5, '2023-05-31 13:09:15', '2023-05-31 13:09:15'),
	(295, 100, 6, '2023-05-31 13:09:15', '2023-05-31 13:09:15'),
	(296, 101, 1, '2023-05-31 13:09:15', '2023-05-31 13:09:15'),
	(297, 101, 2, '2023-05-31 13:09:15', '2023-05-31 13:09:15'),
	(298, 101, 5, '2023-05-31 13:09:15', '2023-05-31 13:09:15'),
	(299, 101, 6, '2023-05-31 13:09:15', '2023-05-31 13:09:15'),
	(300, 102, 1, '2023-05-31 13:09:15', '2023-05-31 13:09:15'),
	(301, 102, 2, '2023-05-31 13:09:15', '2023-05-31 13:09:15'),
	(302, 102, 5, '2023-05-31 13:09:15', '2023-05-31 13:09:15'),
	(303, 102, 6, '2023-05-31 13:09:15', '2023-05-31 13:09:15'),
	(304, 103, 1, '2023-05-31 13:09:15', '2023-05-31 13:09:15'),
	(305, 103, 2, '2023-05-31 13:09:15', '2023-05-31 13:09:15'),
	(306, 103, 5, '2023-05-31 13:09:15', '2023-05-31 13:09:15'),
	(307, 103, 6, '2023-05-31 13:09:15', '2023-05-31 13:09:15'),
	(308, 104, 1, '2023-05-31 13:09:15', '2023-05-31 13:09:15'),
	(309, 104, 2, '2023-05-31 13:09:15', '2023-05-31 13:09:15'),
	(310, 104, 5, '2023-05-31 13:09:15', '2023-05-31 13:09:15'),
	(311, 104, 6, '2023-05-31 13:09:15', '2023-05-31 13:09:15'),
	(312, 105, 1, '2023-05-31 13:09:15', '2023-05-31 13:09:15'),
	(313, 105, 2, '2023-05-31 13:09:15', '2023-05-31 13:09:15'),
	(314, 105, 5, '2023-05-31 13:09:15', '2023-05-31 13:09:15'),
	(315, 105, 6, '2023-05-31 13:09:15', '2023-05-31 13:09:15'),
	(316, 106, 1, '2023-05-31 13:09:15', '2023-05-31 13:09:15'),
	(317, 106, 2, '2023-05-31 13:09:15', '2023-05-31 13:09:15'),
	(318, 106, 5, '2023-05-31 13:09:15', '2023-05-31 13:09:15'),
	(319, 106, 6, '2023-05-31 13:09:15', '2023-05-31 13:09:15'),
	(320, 107, 1, '2023-05-31 13:09:15', '2023-05-31 13:09:15'),
	(321, 107, 2, '2023-05-31 13:09:15', '2023-05-31 13:09:15'),
	(322, 107, 5, '2023-05-31 13:09:15', '2023-05-31 13:09:15'),
	(323, 107, 6, '2023-05-31 13:09:15', '2023-05-31 13:09:15'),
	(324, 108, 1, '2023-05-31 13:09:15', '2023-05-31 13:09:15'),
	(325, 108, 2, '2023-05-31 13:09:15', '2023-05-31 13:09:15'),
	(326, 108, 5, '2023-05-31 13:09:15', '2023-05-31 13:09:15'),
	(327, 108, 6, '2023-05-31 13:09:15', '2023-05-31 13:09:15'),
	(328, 109, 1, '2023-05-31 13:09:15', '2023-05-31 13:09:15'),
	(329, 109, 2, '2023-05-31 13:09:15', '2023-05-31 13:09:15'),
	(330, 109, 5, '2023-05-31 13:09:15', '2023-05-31 13:09:15'),
	(331, 109, 6, '2023-05-31 13:09:15', '2023-05-31 13:09:15'),
	(332, 110, 1, '2023-05-31 13:09:15', '2023-05-31 13:09:15'),
	(333, 110, 2, '2023-05-31 13:09:15', '2023-05-31 13:09:15'),
	(334, 110, 5, '2023-05-31 13:09:15', '2023-05-31 13:09:15'),
	(335, 110, 6, '2023-05-31 13:09:15', '2023-05-31 13:09:15'),
	(336, 111, 1, '2023-05-31 13:09:15', '2023-05-31 13:09:15'),
	(337, 111, 2, '2023-05-31 13:09:15', '2023-05-31 13:09:15'),
	(338, 111, 5, '2023-05-31 13:09:15', '2023-05-31 13:09:15'),
	(339, 111, 6, '2023-05-31 13:09:15', '2023-05-31 13:09:15'),
	(340, 112, 1, '2023-05-31 13:09:15', '2023-05-31 13:09:15'),
	(341, 112, 2, '2023-05-31 13:09:15', '2023-05-31 13:09:15'),
	(342, 112, 5, '2023-05-31 13:09:15', '2023-05-31 13:09:15'),
	(343, 112, 6, '2023-05-31 13:09:15', '2023-05-31 13:09:15'),
	(344, 113, 1, '2023-05-31 13:09:15', '2023-05-31 13:09:15'),
	(345, 113, 2, '2023-05-31 13:09:15', '2023-05-31 13:09:15'),
	(346, 113, 5, '2023-05-31 13:09:15', '2023-05-31 13:09:15'),
	(347, 113, 6, '2023-05-31 13:09:15', '2023-05-31 13:09:15'),
	(348, 114, 1, '2023-05-31 13:09:15', '2023-05-31 13:09:15'),
	(349, 114, 2, '2023-05-31 13:09:15', '2023-05-31 13:09:15'),
	(350, 114, 5, '2023-05-31 13:09:15', '2023-05-31 13:09:15'),
	(351, 114, 6, '2023-05-31 13:09:15', '2023-05-31 13:09:15'),
	(352, 115, 1, '2023-05-31 13:09:15', '2023-05-31 13:09:15'),
	(353, 115, 2, '2023-05-31 13:09:15', '2023-05-31 13:09:15'),
	(354, 115, 5, '2023-05-31 13:09:15', '2023-05-31 13:09:15'),
	(355, 115, 6, '2023-05-31 13:09:15', '2023-05-31 13:09:15'),
	(356, 116, 1, '2023-05-31 13:09:15', '2023-05-31 13:09:15'),
	(357, 116, 2, '2023-05-31 13:09:15', '2023-05-31 13:09:15'),
	(358, 116, 5, '2023-05-31 13:09:15', '2023-05-31 13:09:15'),
	(359, 116, 6, '2023-05-31 13:09:15', '2023-05-31 13:09:15'),
	(360, 117, 1, '2023-05-31 13:09:15', '2023-05-31 13:09:15'),
	(361, 117, 2, '2023-05-31 13:09:15', '2023-05-31 13:09:15'),
	(362, 117, 5, '2023-05-31 13:09:15', '2023-05-31 13:09:15'),
	(363, 117, 6, '2023-05-31 13:09:15', '2023-05-31 13:09:15'),
	(364, 118, 1, '2023-05-31 13:09:15', '2023-05-31 13:09:15'),
	(365, 118, 2, '2023-05-31 13:09:15', '2023-05-31 13:09:15'),
	(366, 118, 5, '2023-05-31 13:09:15', '2023-05-31 13:09:15'),
	(367, 118, 6, '2023-05-31 13:09:15', '2023-05-31 13:09:15'),
	(368, 119, 1, '2023-05-31 13:09:15', '2023-05-31 13:09:15'),
	(369, 119, 2, '2023-05-31 13:09:15', '2023-05-31 13:09:15'),
	(370, 119, 5, '2023-05-31 13:09:15', '2023-05-31 13:09:15'),
	(371, 119, 6, '2023-05-31 13:09:15', '2023-05-31 13:09:15'),
	(372, 120, 1, '2023-05-31 13:09:15', '2023-05-31 13:09:15'),
	(373, 120, 2, '2023-05-31 13:09:15', '2023-05-31 13:09:15'),
	(374, 120, 5, '2023-05-31 13:09:15', '2023-05-31 13:09:15'),
	(375, 120, 6, '2023-05-31 13:09:15', '2023-05-31 13:09:15'),
	(376, 121, 1, '2023-05-31 13:09:15', '2023-05-31 13:09:15'),
	(377, 121, 2, '2023-05-31 13:09:15', '2023-05-31 13:09:15'),
	(378, 121, 5, '2023-05-31 13:09:15', '2023-05-31 13:09:15'),
	(379, 121, 6, '2023-05-31 13:09:15', '2023-05-31 13:09:15'),
	(380, 122, 1, '2023-05-31 13:09:15', '2023-05-31 13:09:15'),
	(381, 122, 2, '2023-05-31 13:09:15', '2023-05-31 13:09:15'),
	(382, 122, 5, '2023-05-31 13:09:15', '2023-05-31 13:09:15'),
	(383, 122, 6, '2023-05-31 13:09:15', '2023-05-31 13:09:15'),
	(384, 123, 1, '2023-05-31 13:09:15', '2023-05-31 13:09:15'),
	(385, 123, 2, '2023-05-31 13:09:15', '2023-05-31 13:09:15'),
	(386, 123, 5, '2023-05-31 13:09:15', '2023-05-31 13:09:15'),
	(387, 123, 6, '2023-05-31 13:09:15', '2023-05-31 13:09:15'),
	(388, 124, 1, '2023-05-31 13:09:15', '2023-05-31 13:09:15'),
	(389, 124, 2, '2023-05-31 13:09:15', '2023-05-31 13:09:15'),
	(390, 124, 5, '2023-05-31 13:09:15', '2023-05-31 13:09:15'),
	(391, 124, 6, '2023-05-31 13:09:15', '2023-05-31 13:09:15'),
	(392, 125, 1, '2023-05-31 13:09:15', '2023-05-31 13:09:15'),
	(393, 125, 2, '2023-05-31 13:09:15', '2023-05-31 13:09:15'),
	(394, 125, 5, '2023-05-31 13:09:15', '2023-05-31 13:09:15'),
	(395, 125, 6, '2023-05-31 13:09:15', '2023-05-31 13:09:15'),
	(396, 126, 1, '2023-05-31 13:09:15', '2023-05-31 13:09:15'),
	(397, 126, 2, '2023-05-31 13:09:15', '2023-05-31 13:09:15'),
	(398, 126, 5, '2023-05-31 13:09:15', '2023-05-31 13:09:15'),
	(399, 126, 6, '2023-05-31 13:09:15', '2023-05-31 13:09:15'),
	(400, 127, 1, '2023-05-31 13:09:15', '2023-05-31 13:09:15'),
	(401, 127, 2, '2023-05-31 13:09:15', '2023-05-31 13:09:15'),
	(402, 127, 5, '2023-05-31 13:09:15', '2023-05-31 13:09:15'),
	(403, 127, 6, '2023-05-31 13:09:15', '2023-05-31 13:09:15'),
	(404, 128, 1, '2023-05-31 13:09:15', '2023-05-31 13:09:15'),
	(405, 128, 2, '2023-05-31 13:09:15', '2023-05-31 13:09:15'),
	(406, 128, 5, '2023-05-31 13:09:15', '2023-05-31 13:09:15'),
	(407, 128, 6, '2023-05-31 13:09:15', '2023-05-31 13:09:15'),
	(408, 129, 1, '2023-05-31 13:09:15', '2023-05-31 13:09:15'),
	(409, 129, 2, '2023-05-31 13:09:15', '2023-05-31 13:09:15'),
	(410, 129, 5, '2023-05-31 13:09:15', '2023-05-31 13:09:15'),
	(411, 129, 6, '2023-05-31 13:09:15', '2023-05-31 13:09:15'),
	(412, 130, 1, '2023-05-31 13:09:15', '2023-05-31 13:09:15'),
	(413, 130, 2, '2023-05-31 13:09:15', '2023-05-31 13:09:15'),
	(414, 130, 5, '2023-05-31 13:09:15', '2023-05-31 13:09:15'),
	(415, 130, 6, '2023-05-31 13:09:15', '2023-05-31 13:09:15');

-- Дамп структуры для таблица homestead.categories
CREATE TABLE IF NOT EXISTS `categories` (
  `id` bigint unsigned NOT NULL AUTO_INCREMENT,
  `name` varchar(255) COLLATE utf8mb4_unicode_ci NOT NULL,
  `slug` varchar(255) COLLATE utf8mb4_unicode_ci NOT NULL,
  `created_at` timestamp NULL DEFAULT NULL,
  `updated_at` timestamp NULL DEFAULT NULL,
  PRIMARY KEY (`id`),
  UNIQUE KEY `categories_slug_unique` (`slug`),
  KEY `categories_name_index` (`name`)
) ENGINE=InnoDB DEFAULT CHARSET=utf8mb4 COLLATE=utf8mb4_unicode_ci;

-- Дамп данных таблицы homestead.categories: ~81 rows (приблизительно)
INSERT INTO `categories` (`id`, `name`, `slug`, `created_at`, `updated_at`) VALUES
	(1, 'Best Sellers', 'best-sellers', '2023-05-31 13:08:27', '2023-05-31 13:08:27'),
	(2, 'New Arrivals', 'new-arrivals', '2023-05-31 13:08:27', '2023-05-31 13:08:27'),
	(3, 'Used Books', 'used-books', '2023-05-31 13:08:27', '2023-05-31 13:08:27'),
	(4, 'Special Offers', 'special-offers', '2023-05-31 13:08:27', '2023-05-31 13:08:27'),
	(5, 'Computers', 'computers', '2023-05-31 13:08:27', '2023-05-31 13:08:27'),
	(6, 'Cooking', 'cooking', '2023-05-31 13:08:27', '2023-05-31 13:08:27'),
	(7, 'Education', 'education', '2023-05-31 13:08:27', '2023-05-31 13:08:27'),
	(8, 'Fiction', 'fiction', '2023-05-31 13:08:27', '2023-05-31 13:08:27'),
	(9, 'Health', 'health', '2023-05-31 13:08:27', '2023-05-31 13:08:27'),
	(10, 'Mathematics', 'mathematics', '2023-05-31 13:08:27', '2023-05-31 13:08:27'),
	(11, 'Medical', 'medical', '2023-05-31 13:08:27', '2023-05-31 13:08:27'),
	(12, 'Reference', 'reference', '2023-05-31 13:08:27', '2023-05-31 13:08:27'),
	(13, 'Science', 'science', '2023-05-31 13:08:27', '2023-05-31 13:08:27'),
	(14, 'Fiction & Literature', 'fiction-literature', '2023-05-31 13:08:27', '2023-05-31 13:08:27'),
	(15, 'Non-Fiction', 'non-fiction', '2023-05-31 13:08:27', '2023-05-31 13:08:27'),
	(16, 'Other', 'other', '2023-05-31 13:08:27', '2023-05-31 13:08:27'),
	(17, 'Children', 'children', '2023-05-31 13:08:27', '2023-05-31 13:08:27'),
	(18, 'Fantasy', 'fantasy', '2023-05-31 13:08:27', '2023-05-31 13:08:27'),
	(19, 'Mystery', 'mystery', '2023-05-31 13:08:27', '2023-05-31 13:08:27'),
	(20, 'Romance', 'romance', '2023-05-31 13:08:27', '2023-05-31 13:08:27'),
	(21, 'Horror', 'horror', '2023-05-31 13:08:27', '2023-05-31 13:08:27'),
	(22, 'Poetry', 'poetry', '2023-05-31 13:08:27', '2023-05-31 13:08:27'),
	(23, 'Literature', 'literature', '2023-05-31 13:08:27', '2023-05-31 13:08:27'),
	(24, 'Crime', 'crime', '2023-05-31 13:08:27', '2023-05-31 13:08:27'),
	(25, 'Comic', 'comic', '2023-05-31 13:08:27', '2023-05-31 13:08:27'),
	(26, 'Cook', 'cook', '2023-05-31 13:08:27', '2023-05-31 13:08:27'),
	(27, 'Psychology', 'psychology', '2023-05-31 13:08:27', '2023-05-31 13:08:27'),
	(28, 'Art', 'art', '2023-05-31 13:08:27', '2023-05-31 13:08:27'),
	(29, 'Photography', 'photography', '2023-05-31 13:08:27', '2023-05-31 13:08:27'),
	(30, 'Law', 'law', '2023-05-31 13:08:27', '2023-05-31 13:08:27'),
	(31, 'History', 'history', '2023-05-31 13:08:27', '2023-05-31 13:08:27'),
	(32, 'Business', 'business', '2023-05-31 13:08:27', '2023-05-31 13:08:27'),
	(33, 'Computer', 'computer', '2023-05-31 13:08:27', '2023-05-31 13:08:27'),
	(34, 'Baby', 'baby', '2023-05-31 13:08:27', '2023-05-31 13:08:27'),
	(35, 'Sex', 'sex', '2023-05-31 13:08:27', '2023-05-31 13:08:27'),
	(36, 'Travel', 'travel', '2023-05-31 13:08:27', '2023-05-31 13:08:27'),
	(37, 'Sports', 'sports', '2023-05-31 13:08:27', '2023-05-31 13:08:27'),
	(38, 'Biography & True Stories', 'biography-true-stories', '2023-05-31 13:08:27', '2023-05-31 13:08:27'),
	(39, 'Professional & Reference ', 'professional-reference', '2023-05-31 13:08:27', '2023-05-31 13:08:27'),
	(40, 'Earth Sciences', 'earth-sciences', '2023-05-31 13:08:27', '2023-05-31 13:08:27'),
	(41, 'General', 'general', '2023-05-31 13:08:27', '2023-05-31 13:08:27'),
	(42, 'Diaries, Letters, & Journals', 'diaries-letters-journals', '2023-05-31 13:08:27', '2023-05-31 13:08:27'),
	(43, 'Memoirs', 'memoirs', '2023-05-31 13:08:27', '2023-05-31 13:08:27'),
	(44, 'True Stories', 'true-stories', '2023-05-31 13:08:27', '2023-05-31 13:08:27'),
	(45, 'Generic Exams', 'generic-exams', '2023-05-31 13:08:27', '2023-05-31 13:08:27'),
	(46, 'GK Titles', 'gk-titles', '2023-05-31 13:08:27', '2023-05-31 13:08:27'),
	(47, 'Medical Entrance', 'medical-entrance', '2023-05-31 13:08:27', '2023-05-31 13:08:27'),
	(48, 'Other Entrance Exams', 'other-entrance-exams', '2023-05-31 13:08:27', '2023-05-31 13:08:27'),
	(49, 'PG Entrance Examinations', 'pg-entrance-examinations', '2023-05-31 13:08:27', '2023-05-31 13:08:27'),
	(50, 'Self-help Titles', 'self-help-titles', '2023-05-31 13:08:27', '2023-05-31 13:08:27'),
	(51, 'Sociology', 'sociology', '2023-05-31 13:08:27', '2023-05-31 13:08:27'),
	(52, 'Academic and Reference', 'academic-and-reference', '2023-05-31 13:08:27', '2023-05-31 13:08:27'),
	(53, 'Business Trade', 'business-trade', '2023-05-31 13:08:27', '2023-05-31 13:08:27'),
	(54, 'Engineering and Computer Science', 'engineering-and-computer-science', '2023-05-31 13:08:27', '2023-05-31 13:08:27'),
	(55, 'Humanities, Social Sciences and Languages', 'humanities-social-sciences-and-languages', '2023-05-31 13:08:27', '2023-05-31 13:08:27'),
	(56, 'Introduction to Computers', 'introduction-to-computers', '2023-05-31 13:08:27', '2023-05-31 13:08:27'),
	(57, 'Science and Maths', 'science-and-maths', '2023-05-31 13:08:27', '2023-05-31 13:08:27'),
	(58, 'Trade Business', 'trade-business', '2023-05-31 13:08:27', '2023-05-31 13:08:27'),
	(59, 'English Language & Literature', 'english-language-literature', '2023-05-31 13:08:27', '2023-05-31 13:08:27'),
	(60, 'English Language Teaching', 'english-language-teaching', '2023-05-31 13:08:27', '2023-05-31 13:08:27'),
	(61, 'Environment Awareness', 'environment-awareness', '2023-05-31 13:08:27', '2023-05-31 13:08:27'),
	(62, 'Environment Protection', 'environment-protection', '2023-05-31 13:08:27', '2023-05-31 13:08:27'),
	(63, 'Geography', 'geography', '2023-05-31 13:08:27', '2023-05-31 13:08:27'),
	(64, 'The Environment', 'the-environment', '2023-05-31 13:08:27', '2023-05-31 13:08:27'),
	(65, 'Regional & Area Planning', 'regional-area-planning', '2023-05-31 13:08:27', '2023-05-31 13:08:27'),
	(66, 'Gay', 'gay', '2023-05-31 13:08:27', '2023-05-31 13:08:27'),
	(67, 'Humorous', 'humorous', '2023-05-31 13:08:27', '2023-05-31 13:08:27'),
	(68, 'Interactive', 'interactive', '2023-05-31 13:08:27', '2023-05-31 13:08:27'),
	(69, 'Legal', 'legal', '2023-05-31 13:08:27', '2023-05-31 13:08:27'),
	(70, 'Lesbian', 'lesbian', '2023-05-31 13:08:27', '2023-05-31 13:08:27'),
	(71, 'Men\'S Adventure', 'mens-adventure', '2023-05-31 13:08:27', '2023-05-31 13:08:27'),
	(72, 'Algebra', 'algebra', '2023-05-31 13:08:27', '2023-05-31 13:08:27'),
	(73, 'Differential Equations', 'differential-equations', '2023-05-31 13:08:27', '2023-05-31 13:08:27'),
	(74, 'Discrete Mathematics', 'discrete-mathematics', '2023-05-31 13:08:27', '2023-05-31 13:08:27'),
	(75, 'Fourier Analysis', 'fourier-analysis', '2023-05-31 13:08:27', '2023-05-31 13:08:27'),
	(76, 'Numerical Analysis', 'numerical-analysis', '2023-05-31 13:08:27', '2023-05-31 13:08:27'),
	(77, 'Probability', 'probability', '2023-05-31 13:08:27', '2023-05-31 13:08:27'),
	(78, 'Statistic Methods/data Analyses', 'statistic-methodsdata-analyses', '2023-05-31 13:08:27', '2023-05-31 13:08:27'),
	(79, 'Stochastic And Random Processes', 'stochastic-and-random-processes', '2023-05-31 13:08:27', '2023-05-31 13:08:27'),
	(80, 'Topology', 'topology', '2023-05-31 13:08:27', '2023-05-31 13:08:27'),
	(81, 'Statistics', 'statistics', '2023-05-31 13:08:27', '2023-05-31 13:08:27');

-- Дамп структуры для таблица homestead.category_locations
CREATE TABLE IF NOT EXISTS `category_locations` (
  `id` bigint unsigned NOT NULL AUTO_INCREMENT,
  `category_id` bigint unsigned NOT NULL,
  `location_id` tinyint unsigned NOT NULL,
  `created_at` timestamp NULL DEFAULT NULL,
  `updated_at` timestamp NULL DEFAULT NULL,
  PRIMARY KEY (`id`),
  KEY `category_locations_category_id_index` (`category_id`),
  KEY `category_locations_location_id_index` (`location_id`),
  CONSTRAINT `category_locations_category_id_foreign` FOREIGN KEY (`category_id`) REFERENCES `categories` (`id`)
) ENGINE=InnoDB DEFAULT CHARSET=utf8mb4 COLLATE=utf8mb4_unicode_ci;

-- Дамп данных таблицы homestead.category_locations: ~20 rows (приблизительно)
INSERT INTO `category_locations` (`id`, `category_id`, `location_id`, `created_at`, `updated_at`) VALUES
	(1, 5, 1, '2023-05-31 13:08:58', '2023-05-31 13:08:58'),
	(2, 6, 1, '2023-05-31 13:08:58', '2023-05-31 13:08:58'),
	(3, 7, 1, '2023-05-31 13:08:58', '2023-05-31 13:08:58'),
	(4, 8, 1, '2023-05-31 13:08:58', '2023-05-31 13:08:58'),
	(5, 9, 1, '2023-05-31 13:08:58', '2023-05-31 13:08:58'),
	(6, 10, 1, '2023-05-31 13:08:58', '2023-05-31 13:08:58'),
	(7, 11, 1, '2023-05-31 13:08:58', '2023-05-31 13:08:58'),
	(8, 12, 1, '2023-05-31 13:08:58', '2023-05-31 13:08:58'),
	(9, 13, 1, '2023-05-31 13:08:58', '2023-05-31 13:08:58'),
	(10, 1, 2, '2023-05-31 13:08:58', '2023-05-31 13:08:58'),
	(11, 2, 2, '2023-05-31 13:08:58', '2023-05-31 13:08:58'),
	(12, 3, 2, '2023-05-31 13:08:58', '2023-05-31 13:08:58'),
	(13, 4, 2, '2023-05-31 13:08:58', '2023-05-31 13:08:58'),
	(14, 14, 3, '2023-05-31 13:08:58', '2023-05-31 13:08:58'),
	(15, 15, 3, '2023-05-31 13:08:58', '2023-05-31 13:08:58'),
	(16, 16, 3, '2023-05-31 13:08:58', '2023-05-31 13:08:58'),
	(17, 38, 4, '2023-05-31 13:08:58', '2023-05-31 13:08:58'),
	(18, 39, 4, '2023-05-31 13:08:58', '2023-05-31 13:08:58'),
	(19, 40, 4, '2023-05-31 13:08:58', '2023-05-31 13:08:58'),
	(20, 10, 4, '2023-05-31 13:08:58', '2023-05-31 13:08:58');

-- Дамп структуры для таблица homestead.category_subcategories
CREATE TABLE IF NOT EXISTS `category_subcategories` (
  `id` bigint unsigned NOT NULL AUTO_INCREMENT,
  `category_id` bigint unsigned NOT NULL,
  `category_parent_id` bigint unsigned NOT NULL,
  `created_at` timestamp NULL DEFAULT NULL,
  `updated_at` timestamp NULL DEFAULT NULL,
  PRIMARY KEY (`id`),
  KEY `category_subcategories_category_id_index` (`category_id`),
  KEY `category_subcategories_category_parent_id_index` (`category_parent_id`),
  CONSTRAINT `category_subcategories_category_id_foreign` FOREIGN KEY (`category_id`) REFERENCES `categories` (`id`),
  CONSTRAINT `category_subcategories_category_parent_id_foreign` FOREIGN KEY (`category_parent_id`) REFERENCES `categories` (`id`)
) ENGINE=InnoDB DEFAULT CHARSET=utf8mb4 COLLATE=utf8mb4_unicode_ci;

-- Дамп данных таблицы homestead.category_subcategories: ~68 rows (приблизительно)
INSERT INTO `category_subcategories` (`id`, `category_id`, `category_parent_id`, `created_at`, `updated_at`) VALUES
	(1, 17, 14, '2023-05-31 13:08:58', '2023-05-31 13:08:58'),
	(2, 13, 14, '2023-05-31 13:08:58', '2023-05-31 13:08:58'),
	(3, 18, 14, '2023-05-31 13:08:58', '2023-05-31 13:08:58'),
	(4, 19, 14, '2023-05-31 13:08:58', '2023-05-31 13:08:58'),
	(5, 20, 14, '2023-05-31 13:08:58', '2023-05-31 13:08:58'),
	(6, 21, 14, '2023-05-31 13:08:58', '2023-05-31 13:08:58'),
	(7, 22, 14, '2023-05-31 13:08:58', '2023-05-31 13:08:58'),
	(8, 23, 14, '2023-05-31 13:08:58', '2023-05-31 13:08:58'),
	(9, 24, 14, '2023-05-31 13:08:58', '2023-05-31 13:08:58'),
	(10, 25, 15, '2023-05-31 13:08:58', '2023-05-31 13:08:58'),
	(11, 26, 15, '2023-05-31 13:08:58', '2023-05-31 13:08:58'),
	(12, 27, 15, '2023-05-31 13:08:58', '2023-05-31 13:08:58'),
	(13, 11, 15, '2023-05-31 13:08:58', '2023-05-31 13:08:58'),
	(14, 28, 15, '2023-05-31 13:08:58', '2023-05-31 13:08:58'),
	(15, 29, 15, '2023-05-31 13:08:58', '2023-05-31 13:08:58'),
	(16, 30, 15, '2023-05-31 13:08:58', '2023-05-31 13:08:58'),
	(17, 31, 15, '2023-05-31 13:08:58', '2023-05-31 13:08:58'),
	(18, 32, 15, '2023-05-31 13:08:58', '2023-05-31 13:08:58'),
	(19, 33, 15, '2023-05-31 13:08:58', '2023-05-31 13:08:58'),
	(20, 34, 16, '2023-05-31 13:08:58', '2023-05-31 13:08:58'),
	(21, 35, 16, '2023-05-31 13:08:58', '2023-05-31 13:08:58'),
	(22, 36, 16, '2023-05-31 13:08:58', '2023-05-31 13:08:58'),
	(23, 13, 16, '2023-05-31 13:08:58', '2023-05-31 13:08:58'),
	(24, 37, 16, '2023-05-31 13:08:58', '2023-05-31 13:08:58'),
	(25, 41, 38, '2023-05-31 13:08:58', '2023-05-31 13:08:58'),
	(26, 42, 38, '2023-05-31 13:08:58', '2023-05-31 13:08:58'),
	(27, 43, 38, '2023-05-31 13:08:58', '2023-05-31 13:08:58'),
	(28, 44, 38, '2023-05-31 13:08:58', '2023-05-31 13:08:58'),
	(29, 45, 38, '2023-05-31 13:08:58', '2023-05-31 13:08:58'),
	(30, 46, 38, '2023-05-31 13:08:58', '2023-05-31 13:08:58'),
	(31, 47, 38, '2023-05-31 13:08:58', '2023-05-31 13:08:58'),
	(32, 48, 38, '2023-05-31 13:08:58', '2023-05-31 13:08:58'),
	(33, 49, 38, '2023-05-31 13:08:58', '2023-05-31 13:08:58'),
	(34, 50, 38, '2023-05-31 13:08:58', '2023-05-31 13:08:58'),
	(35, 51, 38, '2023-05-31 13:08:58', '2023-05-31 13:08:58'),
	(36, 52, 39, '2023-05-31 13:08:58', '2023-05-31 13:08:58'),
	(37, 53, 39, '2023-05-31 13:08:58', '2023-05-31 13:08:58'),
	(38, 54, 39, '2023-05-31 13:08:58', '2023-05-31 13:08:58'),
	(39, 55, 39, '2023-05-31 13:08:58', '2023-05-31 13:08:58'),
	(40, 56, 39, '2023-05-31 13:08:58', '2023-05-31 13:08:58'),
	(41, 57, 39, '2023-05-31 13:08:58', '2023-05-31 13:08:58'),
	(42, 58, 39, '2023-05-31 13:08:58', '2023-05-31 13:08:58'),
	(43, 59, 39, '2023-05-31 13:08:58', '2023-05-31 13:08:58'),
	(44, 60, 39, '2023-05-31 13:08:58', '2023-05-31 13:08:58'),
	(45, 61, 39, '2023-05-31 13:08:58', '2023-05-31 13:08:58'),
	(46, 62, 39, '2023-05-31 13:08:58', '2023-05-31 13:08:58'),
	(47, 40, 40, '2023-05-31 13:08:58', '2023-05-31 13:08:58'),
	(48, 63, 40, '2023-05-31 13:08:58', '2023-05-31 13:08:58'),
	(49, 64, 40, '2023-05-31 13:08:58', '2023-05-31 13:08:58'),
	(50, 65, 40, '2023-05-31 13:08:58', '2023-05-31 13:08:58'),
	(51, 18, 40, '2023-05-31 13:08:58', '2023-05-31 13:08:58'),
	(52, 66, 40, '2023-05-31 13:08:58', '2023-05-31 13:08:58'),
	(53, 67, 40, '2023-05-31 13:08:58', '2023-05-31 13:08:58'),
	(54, 68, 40, '2023-05-31 13:08:58', '2023-05-31 13:08:58'),
	(55, 69, 40, '2023-05-31 13:08:58', '2023-05-31 13:08:58'),
	(56, 70, 40, '2023-05-31 13:08:58', '2023-05-31 13:08:58'),
	(57, 71, 40, '2023-05-31 13:08:58', '2023-05-31 13:08:58'),
	(58, 72, 10, '2023-05-31 13:08:58', '2023-05-31 13:08:58'),
	(59, 73, 10, '2023-05-31 13:08:58', '2023-05-31 13:08:58'),
	(60, 74, 10, '2023-05-31 13:08:58', '2023-05-31 13:08:58'),
	(61, 75, 10, '2023-05-31 13:08:58', '2023-05-31 13:08:58'),
	(62, 76, 10, '2023-05-31 13:08:58', '2023-05-31 13:08:58'),
	(63, 77, 10, '2023-05-31 13:08:58', '2023-05-31 13:08:58'),
	(64, 78, 10, '2023-05-31 13:08:58', '2023-05-31 13:08:58'),
	(65, 79, 10, '2023-05-31 13:08:58', '2023-05-31 13:08:58'),
	(66, 80, 10, '2023-05-31 13:08:58', '2023-05-31 13:08:58'),
	(67, 81, 10, '2023-05-31 13:08:58', '2023-05-31 13:08:58'),
	(68, 10, 10, '2023-05-31 13:08:58', '2023-05-31 13:08:58');

-- Дамп структуры для таблица homestead.failed_jobs
CREATE TABLE IF NOT EXISTS `failed_jobs` (
  `id` bigint unsigned NOT NULL AUTO_INCREMENT,
  `uuid` varchar(255) COLLATE utf8mb4_unicode_ci NOT NULL,
  `connection` text COLLATE utf8mb4_unicode_ci NOT NULL,
  `queue` text COLLATE utf8mb4_unicode_ci NOT NULL,
  `payload` longtext COLLATE utf8mb4_unicode_ci NOT NULL,
  `exception` longtext COLLATE utf8mb4_unicode_ci NOT NULL,
  `failed_at` timestamp NOT NULL DEFAULT CURRENT_TIMESTAMP,
  PRIMARY KEY (`id`),
  UNIQUE KEY `failed_jobs_uuid_unique` (`uuid`)
) ENGINE=InnoDB DEFAULT CHARSET=utf8mb4 COLLATE=utf8mb4_unicode_ci;

-- Дамп данных таблицы homestead.failed_jobs: ~0 rows (приблизительно)

-- Дамп структуры для таблица homestead.jobs
CREATE TABLE IF NOT EXISTS `jobs` (
  `id` bigint unsigned NOT NULL AUTO_INCREMENT,
  `queue` varchar(255) COLLATE utf8mb4_unicode_ci NOT NULL,
  `payload` longtext COLLATE utf8mb4_unicode_ci NOT NULL,
  `attempts` tinyint unsigned NOT NULL,
  `reserved_at` int unsigned DEFAULT NULL,
  `available_at` int unsigned NOT NULL,
  `created_at` int unsigned NOT NULL,
  PRIMARY KEY (`id`),
  KEY `jobs_queue_index` (`queue`)
) ENGINE=InnoDB DEFAULT CHARSET=utf8mb4 COLLATE=utf8mb4_unicode_ci;

-- Дамп данных таблицы homestead.jobs: ~0 rows (приблизительно)

-- Дамп структуры для таблица homestead.migrations
CREATE TABLE IF NOT EXISTS `migrations` (
  `id` int unsigned NOT NULL AUTO_INCREMENT,
  `migration` varchar(255) COLLATE utf8mb4_unicode_ci NOT NULL,
  `batch` int NOT NULL,
  PRIMARY KEY (`id`)
) ENGINE=InnoDB DEFAULT CHARSET=utf8mb4 COLLATE=utf8mb4_unicode_ci;

-- Дамп данных таблицы homestead.migrations: ~17 rows (приблизительно)
INSERT INTO `migrations` (`id`, `migration`, `batch`) VALUES
	(1, '2014_10_12_000000_create_users_table', 1),
	(2, '2014_10_12_100000_create_password_resets_table', 1),
	(3, '2019_08_19_000000_create_failed_jobs_table', 1),
	(4, '2019_12_14_000001_create_personal_access_tokens_table', 1),
	(5, '2022_06_22_191202_add_phone_users_table', 1),
	(6, '2022_06_24_122805_create_categories_table', 1),
	(7, '2022_06_24_122806_create_category_subcategories_table', 1),
	(8, '2022_06_24_124627_create_books_table', 1),
	(9, '2022_06_24_131415_create_book_category_table', 1),
	(10, '2022_06_24_132955_create_reviews_table', 1),
	(11, '2022_06_24_153423_create_category_locations_table', 1),
	(12, '2022_06_26_170938_create_authors_table', 1),
	(13, '2022_06_26_171037_create_author_book_table', 1),
	(14, '2022_11_15_190053_create_admins_table', 1),
	(15, '2023_04_24_134202_create_jobs_table', 1),
	(22, '2023_06_09_163058_create_orders_table', 2),
	(23, '2023_06_09_163730_create_order_book_table', 2);

-- Дамп структуры для таблица homestead.orders
CREATE TABLE IF NOT EXISTS `orders` (
  `id` bigint unsigned NOT NULL AUTO_INCREMENT,
  `user_id` bigint unsigned NOT NULL,
  `status` enum('pending','confirmed','processing','completed') COLLATE utf8mb4_unicode_ci NOT NULL DEFAULT 'pending',
  `delivery_method` enum('nova_poshta','meest','ukr_poshta') COLLATE utf8mb4_unicode_ci NOT NULL DEFAULT 'nova_poshta',
  `payment_method` enum('visa','mastercard','am_express','cash') COLLATE utf8mb4_unicode_ci NOT NULL DEFAULT 'visa',
  `created_at` timestamp NULL DEFAULT NULL,
  `updated_at` timestamp NULL DEFAULT NULL,
  PRIMARY KEY (`id`),
  KEY `orders_user_id_index` (`user_id`),
  KEY `orders_status_index` (`status`),
  KEY `orders_delivery_method_index` (`delivery_method`),
  KEY `orders_payment_method_index` (`payment_method`),
  CONSTRAINT `orders_user_id_foreign` FOREIGN KEY (`user_id`) REFERENCES `users` (`id`)
) ENGINE=InnoDB DEFAULT CHARSET=utf8mb4 COLLATE=utf8mb4_unicode_ci;

-- Дамп данных таблицы homestead.orders: ~5 rows (приблизительно)
INSERT INTO `orders` (`id`, `user_id`, `status`, `delivery_method`, `payment_method`, `created_at`, `updated_at`) VALUES
	(1, 1, 'completed', 'nova_poshta', 'visa', '2023-06-13 17:49:19', '2023-06-13 17:49:19'),
	(2, 1, 'pending', 'nova_poshta', 'visa', '2023-06-13 17:54:37', '2023-06-13 17:54:37'),
	(3, 1, 'pending', 'nova_poshta', 'visa', '2023-06-13 17:56:16', '2023-06-13 17:56:16'),
	(4, 1, 'processing', 'meest', 'mastercard', '2023-06-13 18:08:15', '2023-06-13 18:08:15'),
	(5, 1, 'pending', 'nova_poshta', 'visa', '2023-06-13 18:09:46', '2023-06-13 18:09:46'),
	(6, 1, 'pending', 'nova_poshta', 'visa', '2023-06-16 12:57:43', '2023-06-16 12:57:43'),
	(7, 1, 'pending', 'nova_poshta', 'visa', '2023-06-19 10:05:37', '2023-06-19 10:05:37');

-- Дамп структуры для таблица homestead.order_book
CREATE TABLE IF NOT EXISTS `order_book` (
  `id` bigint unsigned NOT NULL AUTO_INCREMENT,
  `order_id` bigint unsigned NOT NULL,
  `book_id` bigint unsigned NOT NULL,
  `quantity` tinyint unsigned NOT NULL,
  `created_at` timestamp NULL DEFAULT NULL,
  `updated_at` timestamp NULL DEFAULT NULL,
  PRIMARY KEY (`id`),
  KEY `order_book_order_id_index` (`order_id`),
  KEY `order_book_book_id_index` (`book_id`),
  CONSTRAINT `order_book_book_id_foreign` FOREIGN KEY (`book_id`) REFERENCES `books` (`id`),
  CONSTRAINT `order_book_order_id_foreign` FOREIGN KEY (`order_id`) REFERENCES `orders` (`id`)
) ENGINE=InnoDB DEFAULT CHARSET=utf8mb4 COLLATE=utf8mb4_unicode_ci;

-- Дамп данных таблицы homestead.order_book: ~6 rows (приблизительно)
INSERT INTO `order_book` (`id`, `order_id`, `book_id`, `quantity`, `created_at`, `updated_at`) VALUES
	(1, 1, 8, 2, '2023-06-13 17:49:19', '2023-06-13 17:49:19'),
	(2, 1, 4, 1, '2023-06-13 17:49:19', '2023-06-13 17:49:19'),
	(3, 2, 4, 1, '2023-06-13 17:54:37', '2023-06-13 17:54:37'),
	(4, 3, 8, 2, '2023-06-13 17:56:16', '2023-06-13 17:56:16'),
	(5, 4, 8, 1, '2023-06-13 18:08:15', '2023-06-13 18:08:15'),
	(6, 5, 8, 1, '2023-06-13 18:09:46', '2023-06-13 18:09:46'),
	(7, 6, 5, 2, '2023-06-16 12:57:43', '2023-06-16 12:57:43'),
	(8, 7, 4, 3, '2023-06-19 10:05:37', '2023-06-19 10:05:37');

-- Дамп структуры для таблица homestead.password_resets
CREATE TABLE IF NOT EXISTS `password_resets` (
  `email` varchar(255) COLLATE utf8mb4_unicode_ci NOT NULL,
  `token` varchar(255) COLLATE utf8mb4_unicode_ci NOT NULL,
  `created_at` timestamp NULL DEFAULT NULL,
  KEY `password_resets_email_index` (`email`)
) ENGINE=InnoDB DEFAULT CHARSET=utf8mb4 COLLATE=utf8mb4_unicode_ci;

-- Дамп данных таблицы homestead.password_resets: ~0 rows (приблизительно)

-- Дамп структуры для таблица homestead.personal_access_tokens
CREATE TABLE IF NOT EXISTS `personal_access_tokens` (
  `id` bigint unsigned NOT NULL AUTO_INCREMENT,
  `tokenable_type` varchar(255) COLLATE utf8mb4_unicode_ci NOT NULL,
  `tokenable_id` bigint unsigned NOT NULL,
  `name` varchar(255) COLLATE utf8mb4_unicode_ci NOT NULL,
  `token` varchar(64) COLLATE utf8mb4_unicode_ci NOT NULL,
  `abilities` text COLLATE utf8mb4_unicode_ci,
  `last_used_at` timestamp NULL DEFAULT NULL,
  `created_at` timestamp NULL DEFAULT NULL,
  `updated_at` timestamp NULL DEFAULT NULL,
  PRIMARY KEY (`id`),
  UNIQUE KEY `personal_access_tokens_token_unique` (`token`),
  KEY `personal_access_tokens_tokenable_type_tokenable_id_index` (`tokenable_type`,`tokenable_id`)
) ENGINE=InnoDB DEFAULT CHARSET=utf8mb4 COLLATE=utf8mb4_unicode_ci;

-- Дамп данных таблицы homestead.personal_access_tokens: ~1 rows (приблизительно)
INSERT INTO `personal_access_tokens` (`id`, `tokenable_type`, `tokenable_id`, `name`, `token`, `abilities`, `last_used_at`, `created_at`, `updated_at`) VALUES
	(50, 'App\\Models\\User', 1, 'authToken', 'bb505149a7fa88e209804863503d81c5a454d02a71a37985ee135c95f7da4d63', '["*"]', '2023-12-11 19:57:40', '2023-12-11 19:57:37', '2023-12-11 19:57:40');

-- Дамп структуры для таблица homestead.reviews
CREATE TABLE IF NOT EXISTS `reviews` (
  `id` bigint unsigned NOT NULL AUTO_INCREMENT,
  `book_id` bigint unsigned NOT NULL,
  `user_id` bigint unsigned NOT NULL,
  `description` text COLLATE utf8mb4_unicode_ci NOT NULL,
  `created_at` timestamp NULL DEFAULT NULL,
  `updated_at` timestamp NULL DEFAULT NULL,
  PRIMARY KEY (`id`),
  KEY `reviews_book_id_index` (`book_id`),
  KEY `reviews_user_id_index` (`user_id`),
  CONSTRAINT `reviews_book_id_foreign` FOREIGN KEY (`book_id`) REFERENCES `books` (`id`),
  CONSTRAINT `reviews_user_id_foreign` FOREIGN KEY (`user_id`) REFERENCES `users` (`id`)
) ENGINE=InnoDB DEFAULT CHARSET=utf8mb4 COLLATE=utf8mb4_unicode_ci;

-- Дамп данных таблицы homestead.reviews: ~0 rows (приблизительно)

-- Дамп структуры для таблица homestead.users
CREATE TABLE IF NOT EXISTS `users` (
  `id` bigint unsigned NOT NULL AUTO_INCREMENT,
  `name` varchar(255) COLLATE utf8mb4_unicode_ci NOT NULL,
  `email` varchar(255) COLLATE utf8mb4_unicode_ci NOT NULL,
  `email_verified_at` timestamp NULL DEFAULT NULL,
  `phone` varchar(15) COLLATE utf8mb4_unicode_ci NOT NULL,
  `password` varchar(255) COLLATE utf8mb4_unicode_ci NOT NULL,
  `remember_token` varchar(100) COLLATE utf8mb4_unicode_ci DEFAULT NULL,
  `created_at` timestamp NULL DEFAULT NULL,
  `updated_at` timestamp NULL DEFAULT NULL,
  PRIMARY KEY (`id`),
  UNIQUE KEY `users_email_unique` (`email`)
) ENGINE=InnoDB DEFAULT CHARSET=utf8mb4 COLLATE=utf8mb4_unicode_ci;

-- Дамп данных таблицы homestead.users: ~0 rows (приблизительно)
INSERT INTO `users` (`id`, `name`, `email`, `email_verified_at`, `phone`, `password`, `remember_token`, `created_at`, `updated_at`) VALUES
	(1, 'dimonnyse', 'reactor90210@gmail.com', NULL, '0959492217', '$2y$10$zd6UGiQTSW9LW2CuOFHvquAXc8zF/IyJU358DYkuA/xOXZvvlo5n.', 'BNiaSnFAJNYgpztNlZYUWv20VBQlWVjLaM7TB0uWcL9tkbqhFrbeisTevI9k4SsE', '2023-06-01 18:23:04', '2023-06-01 18:23:04');

/*!40103 SET TIME_ZONE=IFNULL(@OLD_TIME_ZONE, 'system') */;
/*!40101 SET SQL_MODE=IFNULL(@OLD_SQL_MODE, '') */;
/*!40014 SET FOREIGN_KEY_CHECKS=IFNULL(@OLD_FOREIGN_KEY_CHECKS, 1) */;
/*!40101 SET CHARACTER_SET_CLIENT=@OLD_CHARACTER_SET_CLIENT */;
/*!40111 SET SQL_NOTES=IFNULL(@OLD_SQL_NOTES, 1) */;
